Workbook
Name Ambusher: 'Troop Stats'!$E$21
Name BandsOfSteel: 'Troop Stats'!$E$16
Name BodyOfLightDamageTaken: 'Troop Stats'!$E$19
Name BodyOfLightDefense: 'Troop Stats'!$E$18
Name Charge: 'Troop Stats'!$E$20
Name CrystalGunpowder: 'Troop Stats'!$E$26
Name CrystalLance: 'Troop Stats'!$E$22
Name CrystalShield: 'Troop Stats'!$E$17
Name F9T11_InfantryAttack: 'Troop Stats'!$B$2
Name F9T11_InfantryDefense: 'Troop Stats'!$B$3
Name F9T11_InfantryHealth: 'Troop Stats'!$B$5
Name F9T11_InfantryLethality: 'Troop Stats'!$B$4
Name F9T11_LancerAttack: 'Troop Stats'!$C$2
Name F9T11_LancerDefense: 'Troop Stats'!$C$3
Name F9T11_LancerHealth: 'Troop Stats'!$C$5
Name F9T11_LancerLethality: 'Troop Stats'!$C$4
Name F9T11_MarksmanAttack: 'Troop Stats'!$D$2
Name F9T11_MarksmanDefense: 'Troop Stats'!$D$3
Name F9T11_MarksmanHealth: 'Troop Stats'!$D$5
Name F9T11_MarksmanLethality: 'Troop Stats'!$D$4
Name FlameCharge: 'Troop Stats'!$E$27
Name FlameCharge_Damage: 'Troop Stats'!$E$28
Name FoeInfantry_UnitHealth: Simulator_Main!$J$21
Name FoeLancer_UnitHealth: Simulator_Main!$K$21
Name FoeMarksman_UnitHealth: Simulator_Main!$L$21
Name HeroName: 'Hero Profile'!$B$8:$B$212
Name IncandescentField: 'Troop Stats'!$E$23
Name MasterBrawler: 'Troop Stats'!$E$15
Name MyInfantry_UnitHealth: Simulator_Main!$D$21
Name MyLancer_UnitHealth: Simulator_Main!$E$21
Name MyMarksman_UnitHealth: Simulator_Main!$F$21
Name RangedStrike: 'Troop Stats'!$E$24
Name ScoutedPosition: 'Current Stats - Enemy'!$M$2
Name selfScoutedPosition: 'Current Stats - Self'!$N$1
Name Volley: 'Troop Stats'!$E$25

Sheet MAIN PAGE
A1: Battle Formation Simulator
G2: Hypothetical Formula
A3: My role | B3: Garrison | G3: Troop Loss = | H3: Attack*lethality*(1+damage dealt buff)*(1+enemy damage taken buff) | M3: Enemy Role | N3: =IF(B3="Rally","Garrison","Rally") -> Rally
H4: (defense*health)/(troop type unit health)
A5: Total Troops | B5: 1644203 | M5: Total Troops | N5: 1644203
B6: 11
B7: Infantry | C7: Lancer | D7: Marksman | F7: Troops Survived | G7: =IF(F8<K8,"LOSS!", "WIN!") -> #VALUE! | K7: Troops Survived | N7: Infantry | O7: Lancer | P7: Marksman
A8: My formation | B8: 0.5 | C8: 0.1 | D8: =1-B8-C8 -> 0.4 | F8: =SUM(B31:D31) -> #VALUE! | K8: =SUM(N31:P31) -> #VALUE! | M8: Enemy's Formation | N8: 0.5 | O8: 0 | P8: =1-N8-O8 -> 0.5
A10: Hero Gears | B10: Infantry | C10: Lancer | D10: Marksman | G10: My item buffs | J10: Enemy item buffs | M10: Hero Gears | N10: Infantry | O10: Lancer | P10: Marksman
A11: Attack | B11: 1 | C11: 1 | D11: 1 | G11: 0.2 | H11: My | I11: Attack | J11: 0.2 | M11: Attack | N11: 1 | O11: 1 | P11: 1
A12: Defense | B12: 1 | C12: 1 | D12: 1 | G12: 0.2 | H12: My | I12: Defense | J12: 0.2 | M12: Defense | N12: 1 | O12: 1 | P12: 1
A13: Lethality | B13: 1 | C13: 1 | D13: 1 | G13: 0.2 | H13: My | I13: Lethality | J13: 0.2 | M13: Lethality | N13: 1 | O13: 1 | P13: 1
A14: Heatlh | B14: 1 | C14: 1 | D14: 1 | G14: 0.2 | H14: My | I14: Health | J14: 0.2 | M14: Heatlh | N14: 1 | O14: 1 | P14: 1
G15: -0.2 | H15: Enemy | I15: Attack | J15: -0.2
G16: -0.2 | H16: Enemy | I16: Defense | J16: -0.2
C18: =B3 & " Lead Hero" -> Garrison Lead Hero | G18: My pet buffs | J18: Enemy pet buffs | N18: =N3 & " Lead Hero" -> Rally Lead Hero
C19: Hervor | D19: {=INDEX('Hero Profile'!$A:$A,MATCH(C19,'Hero Profile'!$B:$B,FALSE))} -> 0 | G19: 0.1 | H19: My | I19: Attack | J19: 0.1 | N19: Hervor | O19: {=INDEX('Hero Profile'!$A:$A,MATCH(N19,'Hero Profile'!$B:$B,FALSE))} -> 0
C21: Lloyd | D21: {=INDEX('Hero Profile'!$A:$A,MATCH(C21,'Hero Profile'!$B:$B,FALSE))} -> 0 | G21: 0.1 | H21: My | I21: Defense | J21: 0.1 | N21: Karol | O21: {=INDEX('Hero Profile'!$A:$A,MATCH(N21,'Hero Profile'!$B:$B,FALSE))} -> 0
C22: Ligeia | D22: {=INDEX('Hero Profile'!$A:$A,MATCH(C22,'Hero Profile'!$B:$B,FALSE))} -> 0 | G22: 0.1 | H22: My | I22: Lethality | J22: 0.1 | N22: Rufus | O22: {=INDEX('Hero Profile'!$A:$A,MATCH(N22,'Hero Profile'!$B:$B,FALSE))} -> 0
G23: 0.1 | H23: My | I23: Health | J23: 0.1
C24: Joiners | G24: -0.05 | H24: Enemy | I24: Lethality | J24: -0.05 | N24: Joiners
C25: Bradley | D25: {=INDEX('Hero Profile'!$A:$A,MATCH(C25,'Hero Profile'!$B:$B,FALSE))} -> 0 | G25: -0.05 | H25: Enemy | I25: Health | J25: -0.05 | N25: Nora | O25: {=INDEX('Hero Profile'!$A:$A,MATCH(N25,'Hero Profile'!$B:$B,FALSE))} -> 0
C26: Gregory | D26: {=INDEX('Hero Profile'!$A:$A,MATCH(C26,'Hero Profile'!$B:$B,FALSE))} -> 0 | N26: Nora | O26: {=INDEX('Hero Profile'!$A:$A,MATCH(N26,'Hero Profile'!$B:$B,FALSE))} -> 0
C27: Patrick | D27: {=INDEX('Hero Profile'!$A:$A,MATCH(C27,'Hero Profile'!$B:$B,FALSE))} -> 0 | G27: My base stats | J27: Enemy base stats | N27: Nora | O27: {=INDEX('Hero Profile'!$A:$A,MATCH(N27,'Hero Profile'!$B:$B,FALSE))} -> 0
C28: Gatot | D28: {=INDEX('Hero Profile'!$A:$A,MATCH(C28,'Hero Profile'!$B:$B,FALSE))} -> 0 | F28: =G28-J28 -> 0 | G28: ='Current Stats - Self'!H4 -> 10.96 | H28: ='Current Stats - Self'!A4 -> Infantry | I28: ='Current Stats - Self'!B4 -> Attack | J28: ='Current Stats - Enemy'!H4 -> 10.96 | N28: Nora | O28: {=INDEX('Hero Profile'!$A:$A,MATCH(N28,'Hero Profile'!$B:$B,FALSE))} -> 0
F29: =G29-J29 -> 0 | G29: ='Current Stats - Self'!H5 -> 11.195 | H29: ='Current Stats - Self'!A5 -> Infantry | I29: ='Current Stats - Self'!B5 -> Defense | J29: ='Current Stats - Enemy'!H5 -> 11.195
B30: Infantry | C30: Lancer | D30: Marksman | F30: =G30-J30 -> 0 | G30: ='Current Stats - Self'!H6 -> 11.566 | H30: ='Current Stats - Self'!A6 -> Infantry | I30: ='Current Stats - Self'!B6 -> Lethality | J30: ='Current Stats - Enemy'!H6 -> 11.566 | N30: Infantry | O30: Lancer | P30: Marksman
A31: Troops Survived | B31: =Simulator_Main!D23 -> #VALUE! | C31: =Simulator_Main!E23 -> #VALUE! | D31: =Simulator_Main!F23 -> #VALUE! | F31: =G31-J31 -> 0 | G31: ='Current Stats - Self'!H7 -> 11.486 | H31: ='Current Stats - Self'!A7 -> Infantry | I31: ='Current Stats - Self'!B7 -> Health | J31: ='Current Stats - Enemy'!H7 -> 11.486 | M31: Troops Survived | N31: =Simulator_Main!J23 -> #VALUE! | O31: =Simulator_Main!K23 -> 0 | P31: =Simulator_Main!L23 -> #VALUE!
F32: =G32-J32 -> 0 | G32: ='Current Stats - Self'!H8 -> 10.96 | H32: ='Current Stats - Self'!A8 -> Lancer | I32: ='Current Stats - Self'!B8 -> Attack | J32: ='Current Stats - Enemy'!H8 -> 10.96
A33: Me vs Enemy | B33: Infantry | C33: Lancer | D33: Marksman | F33: =G33-J33 -> 0 | G33: ='Current Stats - Self'!H9 -> 11.195 | H33: ='Current Stats - Self'!A9 -> Lancer | I33: ='Current Stats - Self'!B9 -> Defense | J33: ='Current Stats - Enemy'!H9 -> 11.195
A34: Attack | B34: =G28-J33 -> -0.235 | C34: =G32-J37 -> -0.235 | D34: =G36-J29 -> -0.235 | F34: =G34-J34 -> 0 | G34: ='Current Stats - Self'!H10 -> 11.58 | H34: ='Current Stats - Self'!A10 -> Lancer | I34: ='Current Stats - Self'!B10 -> Lethality | J34: ='Current Stats - Enemy'!H10 -> 11.58
A35: Defense | B35: =G29-J36 -> 0.235 | C35: =G33-J28 -> 0.235 | D35: =G37-J32 -> 0.235 | F35: =G35-J35 -> 0 | G35: ='Current Stats - Self'!H11 -> 11.479 | H35: ='Current Stats - Self'!A11 -> Lancer | I35: ='Current Stats - Self'!B11 -> Health | J35: ='Current Stats - Enemy'!H11 -> 11.479
A36: Lethality | B36: =G30-J35 -> 0.087 | C36: =G34-J39 -> 0.312 | D36: =G38-J31 -> -0.131 | F36: =G36-J36 -> 0 | G36: ='Current Stats - Self'!H12 -> 10.96 | H36: ='Current Stats - Self'!A12 -> Marksman | I36: ='Current Stats - Self'!B12 -> Attack | J36: ='Current Stats - Enemy'!H12 -> 10.96
A37: Heatlh | B37: =G31-J38 -> 0.131 | C37: =G35-J30 -> -0.087 | D37: =G39-J34 -> -0.312 | F37: =G37-J37 -> 0 | G37: ='Current Stats - Self'!H13 -> 11.195 | H37: ='Current Stats - Self'!A13 -> Marksman | I37: ='Current Stats - Self'!B13 -> Defense | J37: ='Current Stats - Enemy'!H13 -> 11.195
F38: =G38-J38 -> 0 | G38: ='Current Stats - Self'!H14 -> 11.355 | H38: ='Current Stats - Self'!A14 -> Marksman | I38: ='Current Stats - Self'!B14 -> Lethality | J38: ='Current Stats - Enemy'!H14 -> 11.355
F39: =G39-J39 -> 0 | G39: ='Current Stats - Self'!H15 -> 11.268 | H39: ='Current Stats - Self'!A15 -> Marksman | I39: ='Current Stats - Self'!B15 -> Health | J39: ='Current Stats - Enemy'!H15 -> 11.268

Sheet Combo Tester
B1: Battle Formation Simulator | E1: My role | F1: Garrison | I1: Enemy Role | J1: =IF(F1="Rally","Garrison","Rally") -> Rally
B4: Total Troops | C4: 1644203 | I4: Total Troops | J4: 1644203
C5: 11
C6: Infantry | D6: Lancer | E6: Marksman | J6: Infantry | K6: Lancer | L6: Marksman
B7: My formation | C7: 0.6 | D7: 0.4 | E7: =1-C7-D7 -> 0 | I7: Enemy | J7: 0.6 | K7: 0.3 | L7: =1-K7-J7 -> 0.1
B8: Number | C8: =C7*$C$4 -> 986521.8 | D8: =D7*$C$4 -> 657681.2 | E8: =E7*$C$4 -> 0 | I8: Number | J8: =J7*$J$4 -> 986521.8 | K8: =K7*$J$4 -> 493260.9 | L8: =L7*$J$4 -> 164420.3
B11: Final Stats | C11: Infantry | D11: Lancer | E11: Marksman
B12: Attack | C12: 1 | D12: 1 | E12: 1
B13: Defense | C13: 1 | D13: 1 | E13: 1
B14: Lethality | C14: 1 | D14: 1 | E14: 1
B15: Heatlh | C15: 1 | D15: 1 | E15: 1
B18: Friend | I18: Opponent
B19: Gisela | C19: {=INDEX('Hero Profile'!$A:$A,MATCH(B19,'Hero Profile'!$B:$B,FALSE))} -> 0 | I19: Elif | J19: {=INDEX('Hero Profile'!$A:$A,MATCH(I19,'Hero Profile'!$B:$B,FALSE))} -> 0
B20: Flora | C20: {=INDEX('Hero Profile'!$A:$A,MATCH(B20,'Hero Profile'!$B:$B,FALSE))} -> 0 | I20: Dominic | J20: {=INDEX('Hero Profile'!$A:$A,MATCH(I20,'Hero Profile'!$B:$B,FALSE))} -> 0
B21: Bradley | C21: {=INDEX('Hero Profile'!$A:$A,MATCH(B21,'Hero Profile'!$B:$B,FALSE))} -> 0 | I21: Vulcanus | J21: {=INDEX('Hero Profile'!$A:$A,MATCH(I21,'Hero Profile'!$B:$B,FALSE))} -> 0
B23: Joiners | I23: Joiners
B24: Ling Xue | C24: {=INDEX('Hero Profile'!$A:$A,MATCH(B24,'Hero Profile'!$B:$B,FALSE))} -> 0 | I24: Jessie | J24: {=INDEX('Hero Profile'!$A:$A,MATCH(I24,'Hero Profile'!$B:$B,FALSE))} -> 0
B25: Gregory | C25: {=INDEX('Hero Profile'!$A:$A,MATCH(B25,'Hero Profile'!$B:$B,FALSE))} -> 0 | I25: Rufus | J25: {=INDEX('Hero Profile'!$A:$A,MATCH(I25,'Hero Profile'!$B:$B,FALSE))} -> 0
B26: Renee | C26: {=INDEX('Hero Profile'!$A:$A,MATCH(B26,'Hero Profile'!$B:$B,FALSE))} -> 0 | I26: Hendrik | J26: {=INDEX('Hero Profile'!$A:$A,MATCH(I26,'Hero Profile'!$B:$B,FALSE))} -> 0
B27: Gordon | C27: {=INDEX('Hero Profile'!$A:$A,MATCH(B27,'Hero Profile'!$B:$B,FALSE))} -> 0 | I27: Blanchette | J27: {=INDEX('Hero Profile'!$A:$A,MATCH(I27,'Hero Profile'!$B:$B,FALSE))} -> 0
H28: Score
G29: Normal Damage | H29: =(F37+F41)/(M38-M43) -> 0.8654315
G30: Skilled Damage | H30: =(F39+F42)/(M40-M44) -> 0.50099487
G31: Defense | H31: =(SUM(C38:E38)-SUM(C43:E43))/SUM(J37:L37,J41:L41) -> 0.71014064
G32: Health | H32: =(SUM(C40:E40)-SUM(C44:E44))/SUM(J39:L39,J42:L42) -> 0.98981274
B34: Aggregate Effects
C36: Infantry | D36: Lancer | E36: Marksman | F36: Total | J36: Infantry | K36: Lancer | L36: Marksman | M36: Total
B37: Attack | C37: =MAX(0,C62*C$8+C50) -> 23429893 | D37: =MAX(0,D62*D$8+D50) -> 23018842 | E37: =MAX(0,E62*E$8+E50) -> 0 | F37: =MAX(0,C37:E37) -> 23429893 | I37: Attack | J37: =MAX(0,J62*J$8+J50) -> 23992210 | K37: =MAX(0,K62*K$8+K50) -> 16573566 | L37: =MAX(0,L62*L$8+L50) -> 6617588.2 | M37: =MAX(0,J37:L37) -> 23992210
B38: Defense | C38: =MAX(0,C63*C$8+C51) -> 33477124 | D38: =MAX(0,D63*D$8+D51) -> 9490339.7 | E38: =MAX(0,E63*E$8+E51) -> 0 | F38: =MAX(0,C38:E38) -> 33477124 | I38: Defense | J38: =MAX(0,J63*J$8+J51) -> 37607033 | K38: =MAX(0,K63*K$8+K51) -> 10605109 | L38: =MAX(0,L63*L$8+L51) -> 0 | M38: =MAX(0,J38:L38) -> 37607033
B39: Lethality | C39: =MAX(0,C64*C$8+C52) -> 17757392 | D39: =MAX(0,D64*D$8+D52) -> 19664668 | E39: =MAX(0,E64*E$8+E52) -> 0 | F39: =MAX(0,C39:E39) -> 19664668 | I39: Lethality | J39: =MAX(0,J64*J$8+J52) -> 22196740 | K39: =MAX(0,K64*K$8+K52) -> 18435626 | L39: =MAX(0,L64*L$8+L52) -> 7005846.2 | M39: =MAX(0,J39:L39) -> 22196740
B40: Heatlh | C40: =MAX(0,C65*C$8+C53) -> 46411997 | D40: =MAX(0,D65*D$8+D53) -> 16111648 | E40: =MAX(0,E65*E$8+E53) -> 0 | F40: =MAX(0,C40:E40) -> 46411997 | I40: Heatlh | J40: =MAX(0,J65*J$8+J53) -> 41914845 | K40: =MAX(0,K65*K$8+K53) -> 10649503 | L40: =MAX(0,L65*L$8+L53) -> 3288406 | M40: =MAX(0,J40:L40) -> 41914845
B41: Normal Damage Dealt | C41: =C56 -> 0 | D41: =D56 -> 5754710.5 | E41: =E56 -> 0 | F41: =MAX(0,C41:E41) -> 5754710.5 | I41: Normal Damage Dealt | J41: =J56 -> 13495618 | K41: =K56 -> 7458104.8 | L41: =L56 -> 3551478.5 | M41: =MAX(0,J41:L41) -> 13495618
B42: Skill Damage Dealt | C42: =C57 -> 0 | D42: =D57 -> 0 | E42: =E57 -> 0 | F42: =MAX(0,C42:E42) -> 0 | I42: Skill Damage Dealt | J42: =J57 -> 5549185.1 | K42: =K57 -> 4007744.8 | L42: =L57 -> 1387296.3 | M42: =MAX(0,J42:L42) -> 5549185.1
B43: Normal Damage Taken | C43: =C58 -> -7941500.5 | D43: =D58 -> 0 | E43: =E58 -> 0 | F43: =MAX(0,C43:E43) -> 0 | I43: Normal Damage Taken | J43: =J58 -> 3452826.3 | K43: =K58 -> 3884429.6 | L43: =L58 -> -647404.93 | M43: =MAX(0,J43:L43) -> 3884429.6
B44: Skill Damage Taken | C44: =C59 -> 0 | D44: =D59 -> 4538000.3 | E44: =E59 -> 0 | F44: =MAX(0,C44:E44) -> 4538000.3 | I44: Skill Damage Taken | J44: =J59 -> 2663608.9 | K44: =K59 -> 0 | L44: =L59 -> -493260.9 | M44: =MAX(0,J44:L44) -> 2663608.9
B47: Troop Effects
B49: Troop Type Modifers | C49: Infantry | D49: Lancer | E49: Marksman | I49: Modifers | J49: Infantry | K49: Lancer | L49: Marksman
B50: Attack Modifier | E50: =E62*10%*E8+30%*(6%*E62*E8) -> 0 | I50: Attack Modifier | J50: =J62*10%*D8 -> 1499513.1 | K50: =E8*10%*K62+20%*L62*E8 -> 0 | L50: =L62*10%*L8+30%*(6%*L62*L8) -> 698457.43
B51: Defense Modifier | C51: =K8*C63*10%+37.5%*6%*C63*C8-L62*10%*L8 -> 1711122.1 | D51: =-J62*10%*J8 -> -2249269.7 | E51: =-K8*10%*K62-20%*L62*K8 -> -5208835.1 | I51: Defense Modifier | J51: =D8*J63*10%+37.5%*6%*J63*J8-E62*10%*E8 -> 3078770.1 | K51: =-C62*10%*C8 -> -2342989.3 | L51: =-D8*10%*D62-20%*D62*D8 -> -6905652.6
B52: Lethality Modifier | D52: =15%*D64*D8 -> 2564956.7 | E52: =30%*(50%*E64*E8+37.5%*E64*E8) -> 0 | I52: Lethality Modifier | K52: =15%*K64*K8 -> 2404646.9 | L52: =30%*(50%*L64*L8+37.5%*L64*L8) -> 1456661.1
B53: Health Modifier | C53: =37.5%*(36*C8+15%*(SUMPRODUCT(J64:L64,J8:L8))) -> 15780495 | D53: =15%*15%*(SUMPRODUCT(J64:L64,J8:L8)) -> 984980.36 | I53: Health Modifier | J53: =37.5%*(36*J8+15%*(SUMPRODUCT(C64:E64,C8:E8))) -> 15278756 | K53: =15%*15%*(SUMPRODUCT(C64:E64,C8:E8)) -> 784284.83
B55: Damage Modifiers | C55: Infantry | D55: Lancer | E55: Marksman | I55: Modifers | J55: Infantry | K55: Lancer | L55: Marksman
B56: Normal Damage Dealt | C56: =C$8*C75*C62 -> 0 | D56: =D$8*D75*D62 -> 5754710.5 | E56: =E$8*E75*E62 -> 0 | I56: Normal Damage Dealt | J56: =J$8*J75*J62 -> 13495618 | K56: =K$8*K75*K62 -> 7458104.8 | L56: =L$8*L75*L62 -> 3551478.5
B57: Skill Damage Dealt | C57: =C$8*C76*C64 -> 0 | D57: =D$8*D76*D64 -> 0 | E57: =E$8*E76*E64 -> 0 | I57: Skill Damage Dealt | J57: =J$8*J76*J64 -> 5549185.1 | K57: =K$8*K76*K64 -> 4007744.8 | L57: =L$8*L76*L64 -> 1387296.3
B58: Normal Damage Taken | C58: =C$8*C77*C63 -> -7941500.5 | D58: =D$8*D77*D63 -> 0 | E58: =E$8*E77*E63 -> 0 | I58: Normal Damage Taken | J58: =J$8*J77*J63 -> 3452826.3 | K58: =K$8*K77*K63 -> 3884429.6 | L58: =L$8*L77*L63 -> -647404.93
B59: Skill Damage Taken | C59: =C$8*C78*C65 -> 0 | D59: =D$8*D78*D65 -> 4538000.3 | E59: =E$8*E78*E65 -> 0 | I59: Skill Damage Taken | J59: =J$8*J78*J65 -> 2663608.9 | K59: =K$8*K78*K65 -> 0 | L59: =L$8*L78*L65 -> -493260.9
B61: Unit Stats | C61: Infantry | D61: Lancer | E61: Marksman | I61: Final Stats | J61: Infantry | K61: Lancer | L61: Marksman
B62: Attack | C62: =(1+C71)*'Troop Stats'!B9 -> 23.75 | D62: =(1+D71)*'Troop Stats'!C9 -> 35 | E62: =(1+E71)*'Troop Stats'!D9 -> 37.5 | I62: Attack | J62: =(1+J71)*'Troop Stats'!B9 -> 22.8 | K62: =(1+K71)*'Troop Stats'!C9 -> 33.6 | L62: =(1+L71)*'Troop Stats'!D9 -> 36
B63: Defense | C63: =(1+C72)*'Troop Stats'!B10 -> 32.2 | D63: =(1+D72)*'Troop Stats'!C10 -> 17.85 | E63: =(1+E72)*'Troop Stats'!D10 -> 17.85 | I63: Defense | J63: =(1+J72)*'Troop Stats'!B10 -> 35 | K63: =(1+K72)*'Troop Stats'!C10 -> 26.25 | L63: =(1+L72)*'Troop Stats'!D10 -> 26.25
B64: Lethality | C64: =(1+C73)*'Troop Stats'!B11 -> 18 | D64: =(1+D73)*'Troop Stats'!C11 -> 26 | E64: =(1+E73)*'Troop Stats'!D11 -> 27 | I64: Lethality | J64: =(1+J73)*'Troop Stats'!B11 -> 22.5 | K64: =(1+K73)*'Troop Stats'!C11 -> 32.5 | L64: =(1+L73)*'Troop Stats'!D11 -> 33.75
B65: Heatlh | C65: =(1+C74)*'Troop Stats'!B12 -> 31.05 | D65: =(1+D74)*'Troop Stats'!C12 -> 23 | E65: =(1+E74)*'Troop Stats'!D12 -> 23 | I65: Heatlh | J65: =(1+J74)*'Troop Stats'!B12 -> 27 | K65: =(1+K74)*'Troop Stats'!C12 -> 20 | L65: =(1+L74)*'Troop Stats'!D12 -> 20
B68: Hero Effects
C70: Infantry | D70: Lancer | E70: Marksman | J70: Infantry | K70: Lancer | L70: Marksman
B71: Attack | C71: =SUM(D$84:D$90,AH$97:AH$103) -> 0.25 | D71: =SUM(N$84:N$90,AR$97:AR$103) -> 0.25 | E71: =SUM(X$84:X$90,BB$97:BB$103) -> 0.25 | I71: Attack | J71: =SUM(D$97:D$103,AH$84:AH$90) -> 0.2 | K71: =SUM(N$97:N$103,AR$84:AR$90) -> 0.2 | L71: =SUM(X$97:X$103,BB$84:BB$90) -> 0.2
B72: Defense | C72: =SUM(E$84:E$90,AI$97:AI$103) -> 0.15 | D72: =SUM(O$84:O$90,AS$97:AS$103) -> -0.15 | E72: =SUM(Y$84:Y$90,BC$97:BC$103) -> -0.15 | I72: Defense | J72: =SUM(E$97:E$103,AI$84:AI$90) -> 0.25 | K72: =SUM(O$97:O$103,AS$84:AS$90) -> 0.25 | L72: =SUM(Y$97:Y$103,BC$84:BC$90) -> 0.25
B73: Lethality | C73: =SUM(F$84:F$90,AJ$97:AJ$103) -> 0 | D73: =SUM(P$84:P$90,AT$97:AT$103) -> 0 | E73: =SUM(Z$84:Z$90,BD$97:BD$103) -> 0 | I73: Lethality | J73: =SUM(F$97:F$103,AJ$84:AJ$90) -> 0.25 | K73: =SUM(P$97:P$103,AT$84:AT$90) -> 0.25 | L73: =SUM(Z$97:Z$103,BD$84:BD$90) -> 0.25
B74: Health | C74: =SUM(G$84:G$90,AK$97:AK$103) -> 0.15 | D74: =SUM(Q$84:Q$90,AU$97:AU$103) -> 0.15 | E74: =SUM(AA$84:AA$90,BE$97:BE$103) -> 0.15 | I74: Health | J74: =SUM(G$97:G$103,AK$84:AK$90) -> 0 | K74: =SUM(Q$97:Q$103,AU$84:AU$90) -> 0 | L74: =SUM(AA$97:AA$103,BE$84:BE$90) -> 0
B75: Normal Damage Dealt | C75: =SUM(H$84:I$90,AL$97:AM$103) -> 0 | D75: =SUM(R$84:S$90,AV$97:AW$103) -> 0.25 | E75: =SUM(AB$84:AC$90,BF$97:BG$103) -> 0 | I75: Normal Damage Dealt | J75: =SUM(H$97:I$103,AL$84:AM$90) -> 0.6 | K75: =SUM(R$97:S$103,AV$84:AW$90) -> 0.45 | L75: =SUM(AB$97:AC$103,BF$84:BG$90) -> 0.6
B76: Skill Damage Dealt | C76: =SUM(H$84:H$90,J$84:J$90,AL$97:AL$103,AN$97:AN$103) -> 0 | D76: =SUM(R$84:R$90,AV$97:AV$103,T$84:T$90,AX$97:AX$103) -> 0 | E76: =SUM(AB$84:AB$90,BF$97:BF$103,AD$84:AD$90,BH$97:BH$103) -> 0 | I76: Skill Damage Dealt | J76: =SUM(H$97:H$103,J$97:J$103,AL$84:AL$90,AN$84:AN$90) -> 0.25 | K76: =SUM(R$97:R$103,AV$84:AV$90,T$97:T$103,AX$84:AX$90) -> 0.25 | L76: =SUM(AB$97:AB$103,BF$84:BF$90,AD$97:AD$103,BH$84:BH$90) -> 0.25
B77: Normal Damage Taken | C77: =SUM(K$84:L$90,AO$97:AP$103) -> -0.25 | D77: =SUM(U$84:V$90,AY$97:AZ$103) -> 0 | E77: =SUM(AE$84:AF$90,BI$97:BJ$103) -> 0 | I77: Normal Damage Taken | J77: =SUM(K$97:L$103,AO$84:AP$90) -> 0.1 | K77: =SUM(U$97:V$103,AY$84:AZ$90) -> 0.3 | L77: =SUM(AE$97:AF$103,BI$84:BJ$90) -> -0.15
B78: Skill Damage Taken | C78: =SUM(K$84:K$90,AO$97:AO$103,M$84:M$90,AQ$84:AQ$90) -> 0 | D78: =SUM(U$84:U$90,W$97:W$103,AY$84:AY$90,BA$97:BA$103) -> 0.3 | E78: =SUM(AE$84:AE$90,BI$97:BI$103,AG$84:AG$90,BK$97:BK$103) -> 0 | I78: Skill Damage Taken | J78: =SUM(K$97:K$103,AO$84:AO$90,M$97:M$103,AQ$97:AQ$103) -> 0.1 | K78: =SUM(U$97:U$103,W$84:W$90,AY$97:AY$103,BA$84:BA$90) -> 0 | L78: =SUM(AE$97:AE$103,BI$84:BI$90,AG$97:AG$103,BK$84:BK$90) -> -0.15
B80: My troops | D80: Friend Effect | AH80: Enemy Effect
B81: Hero Position | C81: Name | D81: Both | E81: Both | F81: Both | G81: Both | H81: Both | I81: Normal | J81: Skilled | K81: Both | L81: Normal | M81: Skilled | N81: Both | O81: Both | P81: Both | Q81: Both | R81: Both | S81: Normal | T81: Skilled | U81: Both | V81: Normal | W81: Skilled | X81: Both | Y81: Both | Z81: Both | AA81: Both | AB81: Both | AC81: Normal | AD81: Skilled | AE81: Both | AF81: Normal | AG81: Skilled | AH81: Both | AI81: Both | AJ81: Both | AK81: Both | AL81: Both | AM81: Normal | AN81: Skilled | AO81: Both | AP81: Normal | AQ81: Skilled | AR81: Both | AS81: Both | AT81: Both | AU81: Both | AV81: Both | AW81: Normal | AX81: Skilled | AY81: Both | AZ81: Normal | BA81: Skilled | BB81: Both | BC81: Both | BD81: Both | BE81: Both | BF81: Both | BG81: Normal | BH81: Skilled | BI81: Both | BJ81: Normal | BK81: Skilled
D82: Infantry | E82: Infantry | F82: Infantry | G82: Infantry | H82: Infantry | I82: Infantry | J82: Infantry | K82: Infantry | L82: Infantry | M82: Infantry | N82: Lancer | O82: Lancer | P82: Lancer | Q82: Lancer | R82: Lancer | S82: Lancer | T82: Lancer | U82: Lancer | V82: Lancer | W82: Lancer | X82: Marksman | Y82: Marksman | Z82: Marksman | AA82: Marksman | AB82: Marksman | AC82: Marksman | AD82: Marksman | AE82: Marksman | AF82: Marksman | AG82: Marksman | AH82: Infantry | AI82: Infantry | AJ82: Infantry | AK82: Infantry | AL82: Infantry | AM82: Infantry | AN82: Infantry | AO82: Infantry | AP82: Infantry | AQ82: Infantry | AR82: Lancer | AS82: Lancer | AT82: Lancer | AU82: Lancer | AV82: Lancer | AW82: Lancer | AX82: Lancer | AY82: Lancer | AZ82: Lancer | BA82: Lancer | BB82: Marksman | BC82: Marksman | BD82: Marksman | BE82: Marksman | BF82: Marksman | BG82: Marksman | BH82: Marksman | BI82: Marksman | BJ82: Marksman | BK82: Marksman
D83: Attack | E83: Defense | F83: Lethality | G83: Health | H83: Damage Dealt | I83: Damage Dealt | J83: Damage Dealt | K83: Damage Taken | L83: Damage Taken | M83: Damage Taken | N83: Attack | O83: Defense | P83: Lethality | Q83: Health | R83: Damage Dealt | S83: Damage Dealt | T83: Damage Dealt | U83: Damage Taken | V83: Damage Taken | W83: Damage Taken | X83: Attack | Y83: Defense | Z83: Lethality | AA83: Health | AB83: Damage Dealt | AC83: Damage Dealt | AD83: Damage Dealt | AE83: Damage Taken | AF83: Damage Taken | AG83: Damage Taken | AH83: Attack | AI83: Defense | AJ83: Lethality | AK83: Health | AL83: Damage Dealt | AM83: Damage Dealt | AN83: Damage Dealt | AO83: Damage Taken | AP83: Damage Taken | AQ83: Damage Taken | AR83: Attack | AS83: Defense | AT83: Lethality | AU83: Health | AV83: Damage Dealt | AW83: Damage Dealt | AX83: Damage Dealt | AY83: Damage Taken | AZ83: Damage Taken | BA83: Damage Taken | BB83: Attack | BC83: Defense | BD83: Lethality | BE83: Health | BF83: Damage Dealt | BG83: Damage Dealt | BH83: Damage Dealt | BI83: Damage Taken | BJ83: Damage Taken | BK83: Damage Taken
B84: Lead | C84: =B19 -> Gisela | D84: =IF($B84="Lead",SUMIFS('Hero Skills'!$H:$H,'Hero Skills'!$F:$F,D$83,'Hero Skills'!$E:$E,D$82,'Hero Skills'!$D:$D,"Friend",'Hero Skills'!$C:$C,"All",'Hero Skills'!$A:$A,$C84,'Hero Skills'!$I:$I,"Stats-Based",'Hero Skills'!$P:$P,D$81)+SUMIFS('Hero Skills'!$H:$H,'Hero Skills'!$C:$C,$F$1,'Hero Skills'!$F:$F,D$83,'Hero Skills'!$E:$E,D$82,'Hero Skills'!$A:$A,$C84,'Hero Skills'!$I:$I,"Stats-Based",'Hero Skills'!$P:$P,D$81),SUMIFS('Hero Skills'!$H:$H,'Hero Skills'!$F:$F,D$83,'Hero Skills'!$E:$E,D$82,'Hero Skills'!$D:$D,"Friend",'Hero Skills'!$C:$C,"All",'Hero Skills'!$A:$A,$C84,'Hero Skills'!$B:$B,"Skill 1",'Hero Skills'!$I:$I,"Stats-Based",'Hero Skills'!$P:$P,D$81)) -> 0.15 | E84: =IF($B84="Lead",SUMIFS('Hero Skills'!$H:$H,'Hero Skills'!$F:$F,E$83,'Hero Skills'!$E:$E,E$82,'Hero Skills'!$D:$D,"Friend",'Hero Skills'!$C:$C,"All",'Hero Skills'!$A:$A,$C84,'Hero Skills'!$I:$I,"Stats-Based",'Hero Skills'!$P:$P,E$81)+SUMIFS('Hero Skills'!$H:$H,'Hero Skills'!$C:$C,$F$1,'Hero Skills'!$F:$F,E$83,'Hero Skills'!$E:$E,E$82,'Hero Skills'!$A:$A,$C84,'Hero Skills'!$I:$I,"Stats-Based",'Hero Skills'!$P:$P,E$81),SUMIFS('Hero Skills'!$H:$H,'Hero Skills'!$F:$F,E$83,'Hero Skills'!$E:$E,E$82,'Hero Skills'!$D:$D,"Friend",'Hero Skills'!$C:$C,"All",'Hero Skills'!$A:$A,$C84,'Hero Skills'!$B:$B,"Skill 1",'Hero Skills'!$I:$I,"Stats-Based",'Hero Skills'!$P:$P,E$81)) -> 0.3 | F84: =IF($B84="Lead",SUMIFS('Hero Skills'!$H:$H,'Hero Skills'!$F:$F,F$83,'Hero Skills'!$E:$E,F$82,'Hero Skills'!$D:$D,"Friend",'Hero Skills'!$C:$C,"All",'Hero Skills'!$A:$A,$C84,'Hero Skills'!$I:$I,"Stats-Based",'Hero Skills'!$P:$P,F$81)+SUMIFS('Hero Skills'!$H:$H,'Hero Skills'!$C:$C,$F$1,'Hero Skills'!$F:$F,F$83,'Hero Skills'!$E:$E,F$82,'Hero Skills'!$A:$A,$C84,'Hero Skills'!$I:$I,"Stats-Based",'Hero Skills'!$P:$P,F$81),SUMIFS('Hero Skills'!$H:$H,'Hero Skills'!$F:$F,F$83,'Hero Skills'!$E:$E,F$82,'Hero Skills'!$D:$D,"Friend",'Hero Skills'!$C:$C,"All",'Hero Skills'!$A:$A,$C84,'Hero Skills'!$B:$B,"Skill 1",'Hero Skills'!$I:$I,"Stats-Based",'Hero Skills'!$P:$P,F$81)) -> 0 | G84: =IF($B84="Lead",SUMIFS('Hero Skills'!$H:$H,'Hero Skills'!$F:$F,G$83,'Hero Skills'!$E:$E,G$82,'Hero Skills'!$D:$D,"Friend",'Hero Skills'!$C:$C,"All",'Hero Skills'!$A:$A,$C84,'Hero Skills'!$I:$I,"Stats-Based",'Hero Skills'!$P:$P,G$81)+SUMIFS('Hero Skills'!$H:$H,'Hero Skills'!$C:$C,$F$1,'Hero Skills'!$F:$F,G$83,'Hero Skills'!$E:$E,G$82,'Hero Skills'!$A:$A,$C84,'Hero Skills'!$I:$I,"Stats-Based",'Hero Skills'!$P:$P,G$81),SUMIFS('Hero Skills'!$H:$H,'Hero Skills'!$F:$F,G$83,'Hero Skills'!$E:$E,G$82,'Hero Skills'!$D:$D,"Friend",'Hero Skills'!$C:$C,"All",'Hero Skills'!$A:$A,$C84,'Hero Skills'!$B:$B,"Skill 1",'Hero Skills'!$I:$I,"Stats-Based",'Hero Skills'!$P:$P,G$81)) -> 0 | H84: =IF($B84="Lead",SUMIFS('Hero Skills'!$H:$H,'Hero Skills'!$F:$F,H$83,'Hero Skills'!$E:$E,H$82,'Hero Skills'!$D:$D,"Friend",'Hero Skills'!$C:$C,"All",'Hero Skills'!$A:$A,$C84,'Hero Skills'!$I:$I,"Stats-Based",'Hero Skills'!$P:$P,H$81)+SUMIFS('Hero Skills'!$H:$H,'Hero Skills'!$C:$C,$F$1,'Hero Skills'!$F:$F,H$83,'Hero Skills'!$E:$E,H$82,'Hero Skills'!$A:$A,$C84,'Hero Skills'!$I:$I,"Stats-Based",'Hero Skills'!$P:$P,H$81),SUMIFS('Hero Skills'!$H:$H,'Hero Skills'!$F:$F,H$83,'Hero Skills'!$E:$E,H$82,'Hero Skills'!$D:$D,"Friend",'Hero Skills'!$C:$C,"All",'Hero Skills'!$A:$A,$C84,'Hero Skills'!$B:$B,"Skill 1",'Hero Skills'!$I:$I,"Stats-Based",'Hero Skills'!$P:$P,H$81)) -> 0 | I84: =IF($B84="Lead",SUMIFS('Hero Skills'!$H:$H,'Hero Skills'!$F:$F,I$83,'Hero Skills'!$E:$E,I$82,'Hero Skills'!$D:$D,"Friend",'Hero Skills'!$C:$C,"All",'Hero Skills'!$A:$A,$C84,'Hero Skills'!$I:$I,"Stats-Based",'Hero Skills'!$P:$P,I$81)+SUMIFS('Hero Skills'!$H:$H,'Hero Skills'!$C:$C,$F$1,'Hero Skills'!$F:$F,I$83,'Hero Skills'!$E:$E,I$82,'Hero Skills'!$A:$A,$C84,'Hero Skills'!$I:$I,"Stats-Based",'Hero Skills'!$P:$P,I$81),SUMIFS('Hero Skills'!$H:$H,'Hero Skills'!$F:$F,I$83,'Hero Skills'!$E:$E,I$82,'Hero Skills'!$D:$D,"Friend",'Hero Skills'!$C:$C,"All",'Hero Skills'!$A:$A,$C84,'Hero Skills'!$B:$B,"Skill 1",'Hero Skills'!$I:$I,"Stats-Based",'Hero Skills'!$P:$P,I$81)) -> 0 | J84: =IF($B84="Lead",SUMIFS('Hero Skills'!$H:$H,'Hero Skills'!$F:$F,J$83,'Hero Skills'!$E:$E,J$82,'Hero Skills'!$D:$D,"Friend",'Hero Skills'!$C:$C,"All",'Hero Skills'!$A:$A,$C84,'Hero Skills'!$I:$I,"Stats-Based",'Hero Skills'!$P:$P,J$81)+SUMIFS('Hero Skills'!$H:$H,'Hero Skills'!$C:$C,$F$1,'Hero Skills'!$F:$F,J$83,'Hero Skills'!$E:$E,J$82,'Hero Skills'!$A:$A,$C84,'Hero Skills'!$I:$I,"Stats-Based",'Hero Skills'!$P:$P,J$81),SUMIFS('Hero Skills'!$H:$H,'Hero Skills'!$F:$F,J$83,'Hero Skills'!$E:$E,J$82,'Hero Skills'!$D:$D,"Friend",'Hero Skills'!$C:$C,"All",'Hero Skills'!$A:$A,$C84,'Hero Skills'!$B:$B,"Skill 1",'Hero Skills'!$I:$I,"Stats-Based",'Hero Skills'!$P:$P,J$81)) -> 0 | K84: =IF($B84="Lead",SUMIFS('Hero Skills'!$H:$H,'Hero Skills'!$F:$F,K$83,'Hero Skills'!$E:$E,K$82,'Hero Skills'!$D:$D,"Friend",'Hero Skills'!$C:$C,"All",'Hero Skills'!$A:$A,$C84,'Hero Skills'!$I:$I,"Stats-Based",'Hero Skills'!$P:$P,K$81)+SUMIFS('Hero Skills'!$H:$H,'Hero Skills'!$C:$C,$F$1,'Hero Skills'!$F:$F,K$83,'Hero Skills'!$E:$E,K$82,'Hero Skills'!$A:$A,$C84,'Hero Skills'!$I:$I,"Stats-Based",'Hero Skills'!$P:$P,K$81),SUMIFS('Hero Skills'!$H:$H,'Hero Skills'!$F:$F,K$83,'Hero Skills'!$E:$E,K$82,'Hero Skills'!$D:$D,"Friend",'Hero Skills'!$C:$C,"All",'Hero Skills'!$A:$A,$C84,'Hero Skills'!$B:$B,"Skill 1",'Hero Skills'!$I:$I,"Stats-Based",'Hero Skills'!$P:$P,K$81)) -> 0 | ... AG84: =IF($B84="Lead",SUMIFS('Hero Skills'!$H:$H,'Hero Skills'!$F:$F,AG$83,'Hero Skills'!$E:$E,AG$82,'Hero Skills'!$D:$D,"Friend",'Hero Skills'!$C:$C,"All",'Hero Skills'!$A:$A,$C84,'Hero Skills'!$I:$I,"Stats-Based",'Hero Skills'!$P:$P,AG$81)+SUMIFS('Hero Skills'!$H:$H,'Hero Skills'!$C:$C,$F$1,'Hero Skills'!$F:$F,AG$83,'Hero Skills'!$E:$E,AG$82,'Hero Skills'!$A:$A,$C84,'Hero Skills'!$I:$I,"Stats-Based",'Hero Skills'!$P:$P,AG$81),SUMIFS('Hero Skills'!$H:$H,'Hero Skills'!$F:$F,AG$83,'Hero Skills'!$E:$E,AG$82,'Hero Skills'!$D:$D,"Friend",'Hero Skills'!$C:$C,"All",'Hero Skills'!$A:$A,$C84,'Hero Skills'!$B:$B,"Skill 1",'Hero Skills'!$I:$I,"Stats-Based",'Hero Skills'!$P:$P,AG$81)) -> 0 | AH84: =IF($B84="Lead",SUMIFS('Hero Skills'!$H:$H,'Hero Skills'!$F:$F,AH$83,'Hero Skills'!$E:$E,AH$82,'Hero Skills'!$D:$D,"Foe",'Hero Skills'!$C:$C,"All",'Hero Skills'!$A:$A,$C84,'Hero Skills'!$I:$I,"Stats-Based",'Hero Skills'!$P:$P,AH$81),SUMIFS('Hero Skills'!$H:$H,'Hero Skills'!$F:$F,AH$83,'Hero Skills'!$E:$E,AH$82,'Hero Skills'!$D:$D,"Foe",'Hero Skills'!$C:$C,"All",'Hero Skills'!$A:$A,$C84,'Hero Skills'!$B:$B,"Skill 1",'Hero Skills'!$I:$I,"Stats-Based",'Hero Skills'!$P:$P,AH$81)) -> 0 | AI84: =IF($B84="Lead",SUMIFS('Hero Skills'!$H:$H,'Hero Skills'!$F:$F,AI$83,'Hero Skills'!$E:$E,AI$82,'Hero Skills'!$D:$D,"Foe",'Hero Skills'!$C:$C,"All",'Hero Skills'!$A:$A,$C84,'Hero Skills'!$I:$I,"Stats-Based",'Hero Skills'!$P:$P,AI$81),SUMIFS('Hero Skills'!$H:$H,'Hero Skills'!$F:$F,AI$83,'Hero Skills'!$E:$E,AI$82,'Hero Skills'!$D:$D,"Foe",'Hero Skills'!$C:$C,"All",'Hero Skills'!$A:$A,$C84,'Hero Skills'!$B:$B,"Skill 1",'Hero Skills'!$I:$I,"Stats-Based",'Hero Skills'!$P:$P,AI$81)) -> 0 | AJ84: =IF($B84="Lead",SUMIFS('Hero Skills'!$H:$H,'Hero Skills'!$F:$F,AJ$83,'Hero Skills'!$E:$E,AJ$82,'Hero Skills'!$D:$D,"Foe",'Hero Skills'!$C:$C,"All",'Hero Skills'!$A:$A,$C84,'Hero Skills'!$I:$I,"Stats-Based",'Hero Skills'!$P:$P,AJ$81),SUMIFS('Hero Skills'!$H:$H,'Hero Skills'!$F:$F,AJ$83,'Hero Skills'!$E:$E,AJ$82,'Hero Skills'!$D:$D,"Foe",'Hero Skills'!$C:$C,"All",'Hero Skills'!$A:$A,$C84,'Hero Skills'!$B:$B,"Skill 1",'Hero Skills'!$I:$I,"Stats-Based",'Hero Skills'!$P:$P,AJ$81)) -> 0 | AK84: =IF($B84="Lead",SUMIFS('Hero Skills'!$H:$H,'Hero Skills'!$F:$F,AK$83,'Hero Skills'!$E:$E,AK$82,'Hero Skills'!$D:$D,"Foe",'Hero Skills'!$C:$C,"All",'Hero Skills'!$A:$A,$C84,'Hero Skills'!$I:$I,"Stats-Based",'Hero Skills'!$P:$P,AK$81),SUMIFS('Hero Skills'!$H:$H,'Hero Skills'!$F:$F,AK$83,'Hero Skills'!$E:$E,AK$82,'Hero Skills'!$D:$D,"Foe",'Hero Skills'!$C:$C,"All",'Hero Skills'!$A:$A,$C84,'Hero Skills'!$B:$B,"Skill 1",'Hero Skills'!$I:$I,"Stats-Based",'Hero Skills'!$P:$P,AK$81)) -> 0 | AL84: =IF($B84="Lead",SUMIFS('Hero Skills'!$H:$H,'Hero Skills'!$F:$F,AL$83,'Hero Skills'!$E:$E,AL$82,'Hero Skills'!$D:$D,"Foe",'Hero Skills'!$C:$C,"All",'Hero Skills'!$A:$A,$C84,'Hero Skills'!$I:$I,"Stats-Based",'Hero Skills'!$P:$P,AL$81),SUMIFS('Hero Skills'!$H:$H,'Hero Skills'!$F:$F,AL$83,'Hero Skills'!$E:$E,AL$82,'Hero Skills'!$D:$D,"Foe",'Hero Skills'!$C:$C,"All",'Hero Skills'!$A:$A,$C84,'Hero Skills'!$B:$B,"Skill 1",'Hero Skills'!$I:$I,"Stats-Based",'Hero Skills'!$P:$P,AL$81)) -> 0 | AM84: =IF($B84="Lead",SUMIFS('Hero Skills'!$H:$H,'Hero Skills'!$F:$F,AM$83,'Hero Skills'!$E:$E,AM$82,'Hero Skills'!$D:$D,"Foe",'Hero Skills'!$C:$C,"All",'Hero Skills'!$A:$A,$C84,'Hero Skills'!$I:$I,"Stats-Based",'Hero Skills'!$P:$P,AM$81),SUMIFS('Hero Skills'!$H:$H,'Hero Skills'!$F:$F,AM$83,'Hero Skills'!$E:$E,AM$82,'Hero Skills'!$D:$D,"Foe",'Hero Skills'!$C:$C,"All",'Hero Skills'!$A:$A,$C84,'Hero Skills'!$B:$B,"Skill 1",'Hero Skills'!$I:$I,"Stats-Based",'Hero Skills'!$P:$P,AM$81)) -> 0 | AN84: =IF($B84="Lead",SUMIFS('Hero Skills'!$H:$H,'Hero Skills'!$F:$F,AN$83,'Hero Skills'!$E:$E,AN$82,'Hero Skills'!$D:$D,"Foe",'Hero Skills'!$C:$C,"All",'Hero Skills'!$A:$A,$C84,'Hero Skills'!$I:$I,"Stats-Based",'Hero Skills'!$P:$P,AN$81),SUMIFS('Hero Skills'!$H:$H,'Hero Skills'!$F:$F,AN$83,'Hero Skills'!$E:$E,AN$82,'Hero Skills'!$D:$D,"Foe",'Hero Skills'!$C:$C,"All",'Hero Skills'!$A:$A,$C84,'Hero Skills'!$B:$B,"Skill 1",'Hero Skills'!$I:$I,"Stats-Based",'Hero Skills'!$P:$P,AN$81)) -> 0 | AO84: =IF($B84="Lead",SUMIFS('Hero Skills'!$H:$H,'Hero Skills'!$F:$F,AO$83,'Hero Skills'!$E:$E,AO$82,'Hero Skills'!$D:$D,"Foe",'Hero Skills'!$C:$C,"All",'Hero Skills'!$A:$A,$C84,'Hero Skills'!$I:$I,"Stats-Based",'Hero Skills'!$P:$P,AO$81),SUMIFS('Hero Skills'!$H:$H,'Hero Skills'!$F:$F,AO$83,'Hero Skills'!$E:$E,AO$82,'Hero Skills'!$D:$D,"Foe",'Hero Skills'!$C:$C,"All",'Hero Skills'!$A:$A,$C84,'Hero Skills'!$B:$B,"Skill 1",'Hero Skills'!$I:$I,"Stats-Based",'Hero Skills'!$P:$P,AO$81)) -> 0 | ... BK84: =IF($B84="Lead",SUMIFS('Hero Skills'!$H:$H,'Hero Skills'!$F:$F,BK$83,'Hero Skills'!$E:$E,BK$82,'Hero Skills'!$D:$D,"Foe",'Hero Skills'!$C:$C,"All",'Hero Skills'!$A:$A,$C84,'Hero Skills'!$I:$I,"Stats-Based",'Hero Skills'!$P:$P,BK$81),SUMIFS('Hero Skills'!$H:$H,'Hero Skills'!$F:$F,BK$83,'Hero Skills'!$E:$E,BK$82,'Hero Skills'!$D:$D,"Foe",'Hero Skills'!$C:$C,"All",'Hero Skills'!$A:$A,$C84,'Hero Skills'!$B:$B,"Skill 1",'Hero Skills'!$I:$I,"Stats-Based",'Hero Skills'!$P:$P,BK$81)) -> 0
B85: Lead | C85: =B20 -> Flora | D85: =IF($B85="Lead",SUMIFS('Hero Skills'!$H:$H,'Hero Skills'!$F:$F,D$83,'Hero Skills'!$E:$E,D$82,'Hero Skills'!$D:$D,"Friend",'Hero Skills'!$C:$C,"All",'Hero Skills'!$A:$A,$C85,'Hero Skills'!$I:$I,"Stats-Based",'Hero Skills'!$P:$P,D$81)+SUMIFS('Hero Skills'!$H:$H,'Hero Skills'!$C:$C,$F$1,'Hero Skills'!$F:$F,D$83,'Hero Skills'!$E:$E,D$82,'Hero Skills'!$A:$A,$C85,'Hero Skills'!$I:$I,"Stats-Based",'Hero Skills'!$P:$P,D$81),SUMIFS('Hero Skills'!$H:$H,'Hero Skills'!$F:$F,D$83,'Hero Skills'!$E:$E,D$82,'Hero Skills'!$D:$D,"Friend",'Hero Skills'!$C:$C,"All",'Hero Skills'!$A:$A,$C85,'Hero Skills'!$B:$B,"Skill 1",'Hero Skills'!$I:$I,"Stats-Based",'Hero Skills'!$P:$P,D$81)) -> 0 | E85: =IF($B85="Lead",SUMIFS('Hero Skills'!$H:$H,'Hero Skills'!$F:$F,E$83,'Hero Skills'!$E:$E,E$82,'Hero Skills'!$D:$D,"Friend",'Hero Skills'!$C:$C,"All",'Hero Skills'!$A:$A,$C85,'Hero Skills'!$I:$I,"Stats-Based",'Hero Skills'!$P:$P,E$81)+SUMIFS('Hero Skills'!$H:$H,'Hero Skills'!$C:$C,$F$1,'Hero Skills'!$F:$F,E$83,'Hero Skills'!$E:$E,E$82,'Hero Skills'!$A:$A,$C85,'Hero Skills'!$I:$I,"Stats-Based",'Hero Skills'!$P:$P,E$81),SUMIFS('Hero Skills'!$H:$H,'Hero Skills'!$F:$F,E$83,'Hero Skills'!$E:$E,E$82,'Hero Skills'!$D:$D,"Friend",'Hero Skills'!$C:$C,"All",'Hero Skills'!$A:$A,$C85,'Hero Skills'!$B:$B,"Skill 1",'Hero Skills'!$I:$I,"Stats-Based",'Hero Skills'!$P:$P,E$81)) -> 0 | F85: =IF($B85="Lead",SUMIFS('Hero Skills'!$H:$H,'Hero Skills'!$F:$F,F$83,'Hero Skills'!$E:$E,F$82,'Hero Skills'!$D:$D,"Friend",'Hero Skills'!$C:$C,"All",'Hero Skills'!$A:$A,$C85,'Hero Skills'!$I:$I,"Stats-Based",'Hero Skills'!$P:$P,F$81)+SUMIFS('Hero Skills'!$H:$H,'Hero Skills'!$C:$C,$F$1,'Hero Skills'!$F:$F,F$83,'Hero Skills'!$E:$E,F$82,'Hero Skills'!$A:$A,$C85,'Hero Skills'!$I:$I,"Stats-Based",'Hero Skills'!$P:$P,F$81),SUMIFS('Hero Skills'!$H:$H,'Hero Skills'!$F:$F,F$83,'Hero Skills'!$E:$E,F$82,'Hero Skills'!$D:$D,"Friend",'Hero Skills'!$C:$C,"All",'Hero Skills'!$A:$A,$C85,'Hero Skills'!$B:$B,"Skill 1",'Hero Skills'!$I:$I,"Stats-Based",'Hero Skills'!$P:$P,F$81)) -> 0 | G85: =IF($B85="Lead",SUMIFS('Hero Skills'!$H:$H,'Hero Skills'!$F:$F,G$83,'Hero Skills'!$E:$E,G$82,'Hero Skills'!$D:$D,"Friend",'Hero Skills'!$C:$C,"All",'Hero Skills'!$A:$A,$C85,'Hero Skills'!$I:$I,"Stats-Based",'Hero Skills'!$P:$P,G$81)+SUMIFS('Hero Skills'!$H:$H,'Hero Skills'!$C:$C,$F$1,'Hero Skills'!$F:$F,G$83,'Hero Skills'!$E:$E,G$82,'Hero Skills'!$A:$A,$C85,'Hero Skills'!$I:$I,"Stats-Based",'Hero Skills'!$P:$P,G$81),SUMIFS('Hero Skills'!$H:$H,'Hero Skills'!$F:$F,G$83,'Hero Skills'!$E:$E,G$82,'Hero Skills'!$D:$D,"Friend",'Hero Skills'!$C:$C,"All",'Hero Skills'!$A:$A,$C85,'Hero Skills'!$B:$B,"Skill 1",'Hero Skills'!$I:$I,"Stats-Based",'Hero Skills'!$P:$P,G$81)) -> 0.15 | H85: =IF($B85="Lead",SUMIFS('Hero Skills'!$H:$H,'Hero Skills'!$F:$F,H$83,'Hero Skills'!$E:$E,H$82,'Hero Skills'!$D:$D,"Friend",'Hero Skills'!$C:$C,"All",'Hero Skills'!$A:$A,$C85,'Hero Skills'!$I:$I,"Stats-Based",'Hero Skills'!$P:$P,H$81)+SUMIFS('Hero Skills'!$H:$H,'Hero Skills'!$C:$C,$F$1,'Hero Skills'!$F:$F,H$83,'Hero Skills'!$E:$E,H$82,'Hero Skills'!$A:$A,$C85,'Hero Skills'!$I:$I,"Stats-Based",'Hero Skills'!$P:$P,H$81),SUMIFS('Hero Skills'!$H:$H,'Hero Skills'!$F:$F,H$83,'Hero Skills'!$E:$E,H$82,'Hero Skills'!$D:$D,"Friend",'Hero Skills'!$C:$C,"All",'Hero Skills'!$A:$A,$C85,'Hero Skills'!$B:$B,"Skill 1",'Hero Skills'!$I:$I,"Stats-Based",'Hero Skills'!$P:$P,H$81)) -> 0 | I85: =IF($B85="Lead",SUMIFS('Hero Skills'!$H:$H,'Hero Skills'!$F:$F,I$83,'Hero Skills'!$E:$E,I$82,'Hero Skills'!$D:$D,"Friend",'Hero Skills'!$C:$C,"All",'Hero Skills'!$A:$A,$C85,'Hero Skills'!$I:$I,"Stats-Based",'Hero Skills'!$P:$P,I$81)+SUMIFS('Hero Skills'!$H:$H,'Hero Skills'!$C:$C,$F$1,'Hero Skills'!$F:$F,I$83,'Hero Skills'!$E:$E,I$82,'Hero Skills'!$A:$A,$C85,'Hero Skills'!$I:$I,"Stats-Based",'Hero Skills'!$P:$P,I$81),SUMIFS('Hero Skills'!$H:$H,'Hero Skills'!$F:$F,I$83,'Hero Skills'!$E:$E,I$82,'Hero Skills'!$D:$D,"Friend",'Hero Skills'!$C:$C,"All",'Hero Skills'!$A:$A,$C85,'Hero Skills'!$B:$B,"Skill 1",'Hero Skills'!$I:$I,"Stats-Based",'Hero Skills'!$P:$P,I$81)) -> 0 | J85: =IF($B85="Lead",SUMIFS('Hero Skills'!$H:$H,'Hero Skills'!$F:$F,J$83,'Hero Skills'!$E:$E,J$82,'Hero Skills'!$D:$D,"Friend",'Hero Skills'!$C:$C,"All",'Hero Skills'!$A:$A,$C85,'Hero Skills'!$I:$I,"Stats-Based",'Hero Skills'!$P:$P,J$81)+SUMIFS('Hero Skills'!$H:$H,'Hero Skills'!$C:$C,$F$1,'Hero Skills'!$F:$F,J$83,'Hero Skills'!$E:$E,J$82,'Hero Skills'!$A:$A,$C85,'Hero Skills'!$I:$I,"Stats-Based",'Hero Skills'!$P:$P,J$81),SUMIFS('Hero Skills'!$H:$H,'Hero Skills'!$F:$F,J$83,'Hero Skills'!$E:$E,J$82,'Hero Skills'!$D:$D,"Friend",'Hero Skills'!$C:$C,"All",'Hero Skills'!$A:$A,$C85,'Hero Skills'!$B:$B,"Skill 1",'Hero Skills'!$I:$I,"Stats-Based",'Hero Skills'!$P:$P,J$81)) -> 0 | K85: =IF($B85="Lead",SUMIFS('Hero Skills'!$H:$H,'Hero Skills'!$F:$F,K$83,'Hero Skills'!$E:$E,K$82,'Hero Skills'!$D:$D,"Friend",'Hero Skills'!$C:$C,"All",'Hero Skills'!$A:$A,$C85,'Hero Skills'!$I:$I,"Stats-Based",'Hero Skills'!$P:$P,K$81)+SUMIFS('Hero Skills'!$H:$H,'Hero Skills'!$C:$C,$F$1,'Hero Skills'!$F:$F,K$83,'Hero Skills'!$E:$E,K$82,'Hero Skills'!$A:$A,$C85,'Hero Skills'!$I:$I,"Stats-Based",'Hero Skills'!$P:$P,K$81),SUMIFS('Hero Skills'!$H:$H,'Hero Skills'!$F:$F,K$83,'Hero Skills'!$E:$E,K$82,'Hero Skills'!$D:$D,"Friend",'Hero Skills'!$C:$C,"All",'Hero Skills'!$A:$A,$C85,'Hero Skills'!$B:$B,"Skill 1",'Hero Skills'!$I:$I,"Stats-Based",'Hero Skills'!$P:$P,K$81)) -> 0 | ... AG85: =IF($B85="Lead",SUMIFS('Hero Skills'!$H:$H,'Hero Skills'!$F:$F,AG$83,'Hero Skills'!$E:$E,AG$82,'Hero Skills'!$D:$D,"Friend",'Hero Skills'!$C:$C,"All",'Hero Skills'!$A:$A,$C85,'Hero Skills'!$I:$I,"Stats-Based",'Hero Skills'!$P:$P,AG$81)+SUMIFS('Hero Skills'!$H:$H,'Hero Skills'!$C:$C,$F$1,'Hero Skills'!$F:$F,AG$83,'Hero Skills'!$E:$E,AG$82,'Hero Skills'!$A:$A,$C85,'Hero Skills'!$I:$I,"Stats-Based",'Hero Skills'!$P:$P,AG$81),SUMIFS('Hero Skills'!$H:$H,'Hero Skills'!$F:$F,AG$83,'Hero Skills'!$E:$E,AG$82,'Hero Skills'!$D:$D,"Friend",'Hero Skills'!$C:$C,"All",'Hero Skills'!$A:$A,$C85,'Hero Skills'!$B:$B,"Skill 1",'Hero Skills'!$I:$I,"Stats-Based",'Hero Skills'!$P:$P,AG$81)) -> 0 | AH85: =IF($B85="Lead",SUMIFS('Hero Skills'!$H:$H,'Hero Skills'!$F:$F,AH$83,'Hero Skills'!$E:$E,AH$82,'Hero Skills'!$D:$D,"Foe",'Hero Skills'!$C:$C,"All",'Hero Skills'!$A:$A,$C85,'Hero Skills'!$I:$I,"Stats-Based",'Hero Skills'!$P:$P,AH$81),SUMIFS('Hero Skills'!$H:$H,'Hero Skills'!$F:$F,AH$83,'Hero Skills'!$E:$E,AH$82,'Hero Skills'!$D:$D,"Foe",'Hero Skills'!$C:$C,"All",'Hero Skills'!$A:$A,$C85,'Hero Skills'!$B:$B,"Skill 1",'Hero Skills'!$I:$I,"Stats-Based",'Hero Skills'!$P:$P,AH$81)) -> 0 | AI85: =IF($B85="Lead",SUMIFS('Hero Skills'!$H:$H,'Hero Skills'!$F:$F,AI$83,'Hero Skills'!$E:$E,AI$82,'Hero Skills'!$D:$D,"Foe",'Hero Skills'!$C:$C,"All",'Hero Skills'!$A:$A,$C85,'Hero Skills'!$I:$I,"Stats-Based",'Hero Skills'!$P:$P,AI$81),SUMIFS('Hero Skills'!$H:$H,'Hero Skills'!$F:$F,AI$83,'Hero Skills'!$E:$E,AI$82,'Hero Skills'!$D:$D,"Foe",'Hero Skills'!$C:$C,"All",'Hero Skills'!$A:$A,$C85,'Hero Skills'!$B:$B,"Skill 1",'Hero Skills'!$I:$I,"Stats-Based",'Hero Skills'!$P:$P,AI$81)) -> 0 | AJ85: =IF($B85="Lead",SUMIFS('Hero Skills'!$H:$H,'Hero Skills'!$F:$F,AJ$83,'Hero Skills'!$E:$E,AJ$82,'Hero Skills'!$D:$D,"Foe",'Hero Skills'!$C:$C,"All",'Hero Skills'!$A:$A,$C85,'Hero Skills'!$I:$I,"Stats-Based",'Hero Skills'!$P:$P,AJ$81),SUMIFS('Hero Skills'!$H:$H,'Hero Skills'!$F:$F,AJ$83,'Hero Skills'!$E:$E,AJ$82,'Hero Skills'!$D:$D,"Foe",'Hero Skills'!$C:$C,"All",'Hero Skills'!$A:$A,$C85,'Hero Skills'!$B:$B,"Skill 1",'Hero Skills'!$I:$I,"Stats-Based",'Hero Skills'!$P:$P,AJ$81)) -> 0 | AK85: =IF($B85="Lead",SUMIFS('Hero Skills'!$H:$H,'Hero Skills'!$F:$F,AK$83,'Hero Skills'!$E:$E,AK$82,'Hero Skills'!$D:$D,"Foe",'Hero Skills'!$C:$C,"All",'Hero Skills'!$A:$A,$C85,'Hero Skills'!$I:$I,"Stats-Based",'Hero Skills'!$P:$P,AK$81),SUMIFS('Hero Skills'!$H:$H,'Hero Skills'!$F:$F,AK$83,'Hero Skills'!$E:$E,AK$82,'Hero Skills'!$D:$D,"Foe",'Hero Skills'!$C:$C,"All",'Hero Skills'!$A:$A,$C85,'Hero Skills'!$B:$B,"Skill 1",'Hero Skills'!$I:$I,"Stats-Based",'Hero Skills'!$P:$P,AK$81)) -> 0 | AL85: =IF($B85="Lead",SUMIFS('Hero Skills'!$H:$H,'Hero Skills'!$F:$F,AL$83,'Hero Skills'!$E:$E,AL$82,'Hero Skills'!$D:$D,"Foe",'Hero Skills'!$C:$C,"All",'Hero Skills'!$A:$A,$C85,'Hero Skills'!$I:$I,"Stats-Based",'Hero Skills'!$P:$P,AL$81),SUMIFS('Hero Skills'!$H:$H,'Hero Skills'!$F:$F,AL$83,'Hero Skills'!$E:$E,AL$82,'Hero Skills'!$D:$D,"Foe",'Hero Skills'!$C:$C,"All",'Hero Skills'!$A:$A,$C85,'Hero Skills'!$B:$B,"Skill 1",'Hero Skills'!$I:$I,"Stats-Based",'Hero Skills'!$P:$P,AL$81)) -> 0 | AM85: =IF($B85="Lead",SUMIFS('Hero Skills'!$H:$H,'Hero Skills'!$F:$F,AM$83,'Hero Skills'!$E:$E,AM$82,'Hero Skills'!$D:$D,"Foe",'Hero Skills'!$C:$C,"All",'Hero Skills'!$A:$A,$C85,'Hero Skills'!$I:$I,"Stats-Based",'Hero Skills'!$P:$P,AM$81),SUMIFS('Hero Skills'!$H:$H,'Hero Skills'!$F:$F,AM$83,'Hero Skills'!$E:$E,AM$82,'Hero Skills'!$D:$D,"Foe",'Hero Skills'!$C:$C,"All",'Hero Skills'!$A:$A,$C85,'Hero Skills'!$B:$B,"Skill 1",'Hero Skills'!$I:$I,"Stats-Based",'Hero Skills'!$P:$P,AM$81)) -> 0 | AN85: =IF($B85="Lead",SUMIFS('Hero Skills'!$H:$H,'Hero Skills'!$F:$F,AN$83,'Hero Skills'!$E:$E,AN$82,'Hero Skills'!$D:$D,"Foe",'Hero Skills'!$C:$C,"All",'Hero Skills'!$A:$A,$C85,'Hero Skills'!$I:$I,"Stats-Based",'Hero Skills'!$P:$P,AN$81),SUMIFS('Hero Skills'!$H:$H,'Hero Skills'!$F:$F,AN$83,'Hero Skills'!$E:$E,AN$82,'Hero Skills'!$D:$D,"Foe",'Hero Skills'!$C:$C,"All",'Hero Skills'!$A:$A,$C85,'Hero Skills'!$B:$B,"Skill 1",'Hero Skills'!$I:$I,"Stats-Based",'Hero Skills'!$P:$P,AN$81)) -> 0 | AO85: =IF($B85="Lead",SUMIFS('Hero Skills'!$H:$H,'Hero Skills'!$F:$F,AO$83,'Hero Skills'!$E:$E,AO$82,'Hero Skills'!$D:$D,"Foe",'Hero Skills'!$C:$C,"All",'Hero Skills'!$A:$A,$C85,'Hero Skills'!$I:$I,"Stats-Based",'Hero Skills'!$P:$P,AO$81),SUMIFS('Hero Skills'!$H:$H,'Hero Skills'!$F:$F,AO$83,'Hero Skills'!$E:$E,AO$82,'Hero Skills'!$D:$D,"Foe",'Hero Skills'!$C:$C,"All",'Hero Skills'!$A:$A,$C85,'Hero Skills'!$B:$B,"Skill 1",'Hero Skills'!$I:$I,"Stats-Based",'Hero Skills'!$P:$P,AO$81)) -> 0 | ... BK85: =IF($B85="Lead",SUMIFS('Hero Skills'!$H:$H,'Hero Skills'!$F:$F,BK$83,'Hero Skills'!$E:$E,BK$82,'Hero Skills'!$D:$D,"Foe",'Hero Skills'!$C:$C,"All",'Hero Skills'!$A:$A,$C85,'Hero Skills'!$I:$I,"Stats-Based",'Hero Skills'!$P:$P,BK$81),SUMIFS('Hero Skills'!$H:$H,'Hero Skills'!$F:$F,BK$83,'Hero Skills'!$E:$E,BK$82,'Hero Skills'!$D:$D,"Foe",'Hero Skills'!$C:$C,"All",'Hero Skills'!$A:$A,$C85,'Hero Skills'!$B:$B,"Skill 1",'Hero Skills'!$I:$I,"Stats-Based",'Hero Skills'!$P:$P,BK$81)) -> 0
B86: Lead | C86: =B21 -> Bradley | D86: =IF($B86="Lead",SUMIFS('Hero Skills'!$H:$H,'Hero Skills'!$F:$F,D$83,'Hero Skills'!$E:$E,D$82,'Hero Skills'!$D:$D,"Friend",'Hero Skills'!$C:$C,"All",'Hero Skills'!$A:$A,$C86,'Hero Skills'!$I:$I,"Stats-Based",'Hero Skills'!$P:$P,D$81)+SUMIFS('Hero Skills'!$H:$H,'Hero Skills'!$C:$C,$F$1,'Hero Skills'!$F:$F,D$83,'Hero Skills'!$E:$E,D$82,'Hero Skills'!$A:$A,$C86,'Hero Skills'!$I:$I,"Stats-Based",'Hero Skills'!$P:$P,D$81),SUMIFS('Hero Skills'!$H:$H,'Hero Skills'!$F:$F,D$83,'Hero Skills'!$E:$E,D$82,'Hero Skills'!$D:$D,"Friend",'Hero Skills'!$C:$C,"All",'Hero Skills'!$A:$A,$C86,'Hero Skills'!$B:$B,"Skill 1",'Hero Skills'!$I:$I,"Stats-Based",'Hero Skills'!$P:$P,D$81)) -> 0.4 | E86: =IF($B86="Lead",SUMIFS('Hero Skills'!$H:$H,'Hero Skills'!$F:$F,E$83,'Hero Skills'!$E:$E,E$82,'Hero Skills'!$D:$D,"Friend",'Hero Skills'!$C:$C,"All",'Hero Skills'!$A:$A,$C86,'Hero Skills'!$I:$I,"Stats-Based",'Hero Skills'!$P:$P,E$81)+SUMIFS('Hero Skills'!$H:$H,'Hero Skills'!$C:$C,$F$1,'Hero Skills'!$F:$F,E$83,'Hero Skills'!$E:$E,E$82,'Hero Skills'!$A:$A,$C86,'Hero Skills'!$I:$I,"Stats-Based",'Hero Skills'!$P:$P,E$81),SUMIFS('Hero Skills'!$H:$H,'Hero Skills'!$F:$F,E$83,'Hero Skills'!$E:$E,E$82,'Hero Skills'!$D:$D,"Friend",'Hero Skills'!$C:$C,"All",'Hero Skills'!$A:$A,$C86,'Hero Skills'!$B:$B,"Skill 1",'Hero Skills'!$I:$I,"Stats-Based",'Hero Skills'!$P:$P,E$81)) -> 0 | F86: =IF($B86="Lead",SUMIFS('Hero Skills'!$H:$H,'Hero Skills'!$F:$F,F$83,'Hero Skills'!$E:$E,F$82,'Hero Skills'!$D:$D,"Friend",'Hero Skills'!$C:$C,"All",'Hero Skills'!$A:$A,$C86,'Hero Skills'!$I:$I,"Stats-Based",'Hero Skills'!$P:$P,F$81)+SUMIFS('Hero Skills'!$H:$H,'Hero Skills'!$C:$C,$F$1,'Hero Skills'!$F:$F,F$83,'Hero Skills'!$E:$E,F$82,'Hero Skills'!$A:$A,$C86,'Hero Skills'!$I:$I,"Stats-Based",'Hero Skills'!$P:$P,F$81),SUMIFS('Hero Skills'!$H:$H,'Hero Skills'!$F:$F,F$83,'Hero Skills'!$E:$E,F$82,'Hero Skills'!$D:$D,"Friend",'Hero Skills'!$C:$C,"All",'Hero Skills'!$A:$A,$C86,'Hero Skills'!$B:$B,"Skill 1",'Hero Skills'!$I:$I,"Stats-Based",'Hero Skills'!$P:$P,F$81)) -> 0 | G86: =IF($B86="Lead",SUMIFS('Hero Skills'!$H:$H,'Hero Skills'!$F:$F,G$83,'Hero Skills'!$E:$E,G$82,'Hero Skills'!$D:$D,"Friend",'Hero Skills'!$C:$C,"All",'Hero Skills'!$A:$A,$C86,'Hero Skills'!$I:$I,"Stats-Based",'Hero Skills'!$P:$P,G$81)+SUMIFS('Hero Skills'!$H:$H,'Hero Skills'!$C:$C,$F$1,'Hero Skills'!$F:$F,G$83,'Hero Skills'!$E:$E,G$82,'Hero Skills'!$A:$A,$C86,'Hero Skills'!$I:$I,"Stats-Based",'Hero Skills'!$P:$P,G$81),SUMIFS('Hero Skills'!$H:$H,'Hero Skills'!$F:$F,G$83,'Hero Skills'!$E:$E,G$82,'Hero Skills'!$D:$D,"Friend",'Hero Skills'!$C:$C,"All",'Hero Skills'!$A:$A,$C86,'Hero Skills'!$B:$B,"Skill 1",'Hero Skills'!$I:$I,"Stats-Based",'Hero Skills'!$P:$P,G$81)) -> 0 | H86: =IF($B86="Lead",SUMIFS('Hero Skills'!$H:$H,'Hero Skills'!$F:$F,H$83,'Hero Skills'!$E:$E,H$82,'Hero Skills'!$D:$D,"Friend",'Hero Skills'!$C:$C,"All",'Hero Skills'!$A:$A,$C86,'Hero Skills'!$I:$I,"Stats-Based",'Hero Skills'!$P:$P,H$81)+SUMIFS('Hero Skills'!$H:$H,'Hero Skills'!$C:$C,$F$1,'Hero Skills'!$F:$F,H$83,'Hero Skills'!$E:$E,H$82,'Hero Skills'!$A:$A,$C86,'Hero Skills'!$I:$I,"Stats-Based",'Hero Skills'!$P:$P,H$81),SUMIFS('Hero Skills'!$H:$H,'Hero Skills'!$F:$F,H$83,'Hero Skills'!$E:$E,H$82,'Hero Skills'!$D:$D,"Friend",'Hero Skills'!$C:$C,"All",'Hero Skills'!$A:$A,$C86,'Hero Skills'!$B:$B,"Skill 1",'Hero Skills'!$I:$I,"Stats-Based",'Hero Skills'!$P:$P,H$81)) -> 0 | I86: =IF($B86="Lead",SUMIFS('Hero Skills'!$H:$H,'Hero Skills'!$F:$F,I$83,'Hero Skills'!$E:$E,I$82,'Hero Skills'!$D:$D,"Friend",'Hero Skills'!$C:$C,"All",'Hero Skills'!$A:$A,$C86,'Hero Skills'!$I:$I,"Stats-Based",'Hero Skills'!$P:$P,I$81)+SUMIFS('Hero Skills'!$H:$H,'Hero Skills'!$C:$C,$F$1,'Hero Skills'!$F:$F,I$83,'Hero Skills'!$E:$E,I$82,'Hero Skills'!$A:$A,$C86,'Hero Skills'!$I:$I,"Stats-Based",'Hero Skills'!$P:$P,I$81),SUMIFS('Hero Skills'!$H:$H,'Hero Skills'!$F:$F,I$83,'Hero Skills'!$E:$E,I$82,'Hero Skills'!$D:$D,"Friend",'Hero Skills'!$C:$C,"All",'Hero Skills'!$A:$A,$C86,'Hero Skills'!$B:$B,"Skill 1",'Hero Skills'!$I:$I,"Stats-Based",'Hero Skills'!$P:$P,I$81)) -> 0 | J86: =IF($B86="Lead",SUMIFS('Hero Skills'!$H:$H,'Hero Skills'!$F:$F,J$83,'Hero Skills'!$E:$E,J$82,'Hero Skills'!$D:$D,"Friend",'Hero Skills'!$C:$C,"All",'Hero Skills'!$A:$A,$C86,'Hero Skills'!$I:$I,"Stats-Based",'Hero Skills'!$P:$P,J$81)+SUMIFS('Hero Skills'!$H:$H,'Hero Skills'!$C:$C,$F$1,'Hero Skills'!$F:$F,J$83,'Hero Skills'!$E:$E,J$82,'Hero Skills'!$A:$A,$C86,'Hero Skills'!$I:$I,"Stats-Based",'Hero Skills'!$P:$P,J$81),SUMIFS('Hero Skills'!$H:$H,'Hero Skills'!$F:$F,J$83,'Hero Skills'!$E:$E,J$82,'Hero Skills'!$D:$D,"Friend",'Hero Skills'!$C:$C,"All",'Hero Skills'!$A:$A,$C86,'Hero Skills'!$B:$B,"Skill 1",'Hero Skills'!$I:$I,"Stats-Based",'Hero Skills'!$P:$P,J$81)) -> 0 | K86: =IF($B86="Lead",SUMIFS('Hero Skills'!$H:$H,'Hero Skills'!$F:$F,K$83,'Hero Skills'!$E:$E,K$82,'Hero Skills'!$D:$D,"Friend",'Hero Skills'!$C:$C,"All",'Hero Skills'!$A:$A,$C86,'Hero Skills'!$I:$I,"Stats-Based",'Hero Skills'!$P:$P,K$81)+SUMIFS('Hero Skills'!$H:$H,'Hero Skills'!$C:$C,$F$1,'Hero Skills'!$F:$F,K$83,'Hero Skills'!$E:$E,K$82,'Hero Skills'!$A:$A,$C86,'Hero Skills'!$I:$I,"Stats-Based",'Hero Skills'!$P:$P,K$81),SUMIFS('Hero Skills'!$H:$H,'Hero Skills'!$F:$F,K$83,'Hero Skills'!$E:$E,K$82,'Hero Skills'!$D:$D,"Friend",'Hero Skills'!$C:$C,"All",'Hero Skills'!$A:$A,$C86,'Hero Skills'!$B:$B,"Skill 1",'Hero Skills'!$I:$I,"Stats-Based",'Hero Skills'!$P:$P,K$81)) -> 0 | ... AG86: =IF($B86="Lead",SUMIFS('Hero Skills'!$H:$H,'Hero Skills'!$F:$F,AG$83,'Hero Skills'!$E:$E,AG$82,'Hero Skills'!$D:$D,"Friend",'Hero Skills'!$C:$C,"All",'Hero Skills'!$A:$A,$C86,'Hero Skills'!$I:$I,"Stats-Based",'Hero Skills'!$P:$P,AG$81)+SUMIFS('Hero Skills'!$H:$H,'Hero Skills'!$C:$C,$F$1,'Hero Skills'!$F:$F,AG$83,'Hero Skills'!$E:$E,AG$82,'Hero Skills'!$A:$A,$C86,'Hero Skills'!$I:$I,"Stats-Based",'Hero Skills'!$P:$P,AG$81),SUMIFS('Hero Skills'!$H:$H,'Hero Skills'!$F:$F,AG$83,'Hero Skills'!$E:$E,AG$82,'Hero Skills'!$D:$D,"Friend",'Hero Skills'!$C:$C,"All",'Hero Skills'!$A:$A,$C86,'Hero Skills'!$B:$B,"Skill 1",'Hero Skills'!$I:$I,"Stats-Based",'Hero Skills'!$P:$P,AG$81)) -> 0 | AH86: =IF($B86="Lead",SUMIFS('Hero Skills'!$H:$H,'Hero Skills'!$F:$F,AH$83,'Hero Skills'!$E:$E,AH$82,'Hero Skills'!$D:$D,"Foe",'Hero Skills'!$C:$C,"All",'Hero Skills'!$A:$A,$C86,'Hero Skills'!$I:$I,"Stats-Based",'Hero Skills'!$P:$P,AH$81),SUMIFS('Hero Skills'!$H:$H,'Hero Skills'!$F:$F,AH$83,'Hero Skills'!$E:$E,AH$82,'Hero Skills'!$D:$D,"Foe",'Hero Skills'!$C:$C,"All",'Hero Skills'!$A:$A,$C86,'Hero Skills'!$B:$B,"Skill 1",'Hero Skills'!$I:$I,"Stats-Based",'Hero Skills'!$P:$P,AH$81)) -> 0 | AI86: =IF($B86="Lead",SUMIFS('Hero Skills'!$H:$H,'Hero Skills'!$F:$F,AI$83,'Hero Skills'!$E:$E,AI$82,'Hero Skills'!$D:$D,"Foe",'Hero Skills'!$C:$C,"All",'Hero Skills'!$A:$A,$C86,'Hero Skills'!$I:$I,"Stats-Based",'Hero Skills'!$P:$P,AI$81),SUMIFS('Hero Skills'!$H:$H,'Hero Skills'!$F:$F,AI$83,'Hero Skills'!$E:$E,AI$82,'Hero Skills'!$D:$D,"Foe",'Hero Skills'!$C:$C,"All",'Hero Skills'!$A:$A,$C86,'Hero Skills'!$B:$B,"Skill 1",'Hero Skills'!$I:$I,"Stats-Based",'Hero Skills'!$P:$P,AI$81)) -> 0 | AJ86: =IF($B86="Lead",SUMIFS('Hero Skills'!$H:$H,'Hero Skills'!$F:$F,AJ$83,'Hero Skills'!$E:$E,AJ$82,'Hero Skills'!$D:$D,"Foe",'Hero Skills'!$C:$C,"All",'Hero Skills'!$A:$A,$C86,'Hero Skills'!$I:$I,"Stats-Based",'Hero Skills'!$P:$P,AJ$81),SUMIFS('Hero Skills'!$H:$H,'Hero Skills'!$F:$F,AJ$83,'Hero Skills'!$E:$E,AJ$82,'Hero Skills'!$D:$D,"Foe",'Hero Skills'!$C:$C,"All",'Hero Skills'!$A:$A,$C86,'Hero Skills'!$B:$B,"Skill 1",'Hero Skills'!$I:$I,"Stats-Based",'Hero Skills'!$P:$P,AJ$81)) -> 0 | AK86: =IF($B86="Lead",SUMIFS('Hero Skills'!$H:$H,'Hero Skills'!$F:$F,AK$83,'Hero Skills'!$E:$E,AK$82,'Hero Skills'!$D:$D,"Foe",'Hero Skills'!$C:$C,"All",'Hero Skills'!$A:$A,$C86,'Hero Skills'!$I:$I,"Stats-Based",'Hero Skills'!$P:$P,AK$81),SUMIFS('Hero Skills'!$H:$H,'Hero Skills'!$F:$F,AK$83,'Hero Skills'!$E:$E,AK$82,'Hero Skills'!$D:$D,"Foe",'Hero Skills'!$C:$C,"All",'Hero Skills'!$A:$A,$C86,'Hero Skills'!$B:$B,"Skill 1",'Hero Skills'!$I:$I,"Stats-Based",'Hero Skills'!$P:$P,AK$81)) -> 0 | AL86: =IF($B86="Lead",SUMIFS('Hero Skills'!$H:$H,'Hero Skills'!$F:$F,AL$83,'Hero Skills'!$E:$E,AL$82,'Hero Skills'!$D:$D,"Foe",'Hero Skills'!$C:$C,"All",'Hero Skills'!$A:$A,$C86,'Hero Skills'!$I:$I,"Stats-Based",'Hero Skills'!$P:$P,AL$81),SUMIFS('Hero Skills'!$H:$H,'Hero Skills'!$F:$F,AL$83,'Hero Skills'!$E:$E,AL$82,'Hero Skills'!$D:$D,"Foe",'Hero Skills'!$C:$C,"All",'Hero Skills'!$A:$A,$C86,'Hero Skills'!$B:$B,"Skill 1",'Hero Skills'!$I:$I,"Stats-Based",'Hero Skills'!$P:$P,AL$81)) -> 0 | AM86: =IF($B86="Lead",SUMIFS('Hero Skills'!$H:$H,'Hero Skills'!$F:$F,AM$83,'Hero Skills'!$E:$E,AM$82,'Hero Skills'!$D:$D,"Foe",'Hero Skills'!$C:$C,"All",'Hero Skills'!$A:$A,$C86,'Hero Skills'!$I:$I,"Stats-Based",'Hero Skills'!$P:$P,AM$81),SUMIFS('Hero Skills'!$H:$H,'Hero Skills'!$F:$F,AM$83,'Hero Skills'!$E:$E,AM$82,'Hero Skills'!$D:$D,"Foe",'Hero Skills'!$C:$C,"All",'Hero Skills'!$A:$A,$C86,'Hero Skills'!$B:$B,"Skill 1",'Hero Skills'!$I:$I,"Stats-Based",'Hero Skills'!$P:$P,AM$81)) -> 0 | AN86: =IF($B86="Lead",SUMIFS('Hero Skills'!$H:$H,'Hero Skills'!$F:$F,AN$83,'Hero Skills'!$E:$E,AN$82,'Hero Skills'!$D:$D,"Foe",'Hero Skills'!$C:$C,"All",'Hero Skills'!$A:$A,$C86,'Hero Skills'!$I:$I,"Stats-Based",'Hero Skills'!$P:$P,AN$81),SUMIFS('Hero Skills'!$H:$H,'Hero Skills'!$F:$F,AN$83,'Hero Skills'!$E:$E,AN$82,'Hero Skills'!$D:$D,"Foe",'Hero Skills'!$C:$C,"All",'Hero Skills'!$A:$A,$C86,'Hero Skills'!$B:$B,"Skill 1",'Hero Skills'!$I:$I,"Stats-Based",'Hero Skills'!$P:$P,AN$81)) -> 0 | AO86: =IF($B86="Lead",SUMIFS('Hero Skills'!$H:$H,'Hero Skills'!$F:$F,AO$83,'Hero Skills'!$E:$E,AO$82,'Hero Skills'!$D:$D,"Foe",'Hero Skills'!$C:$C,"All",'Hero Skills'!$A:$A,$C86,'Hero Skills'!$I:$I,"Stats-Based",'Hero Skills'!$P:$P,AO$81),SUMIFS('Hero Skills'!$H:$H,'Hero Skills'!$F:$F,AO$83,'Hero Skills'!$E:$E,AO$82,'Hero Skills'!$D:$D,"Foe",'Hero Skills'!$C:$C,"All",'Hero Skills'!$A:$A,$C86,'Hero Skills'!$B:$B,"Skill 1",'Hero Skills'!$I:$I,"Stats-Based",'Hero Skills'!$P:$P,AO$81)) -> 0.25 | ... BK86: =IF($B86="Lead",SUMIFS('Hero Skills'!$H:$H,'Hero Skills'!$F:$F,BK$83,'Hero Skills'!$E:$E,BK$82,'Hero Skills'!$D:$D,"Foe",'Hero Skills'!$C:$C,"All",'Hero Skills'!$A:$A,$C86,'Hero Skills'!$I:$I,"Stats-Based",'Hero Skills'!$P:$P,BK$81),SUMIFS('Hero Skills'!$H:$H,'Hero Skills'!$F:$F,BK$83,'Hero Skills'!$E:$E,BK$82,'Hero Skills'!$D:$D,"Foe",'Hero Skills'!$C:$C,"All",'Hero Skills'!$A:$A,$C86,'Hero Skills'!$B:$B,"Skill 1",'Hero Skills'!$I:$I,"Stats-Based",'Hero Skills'!$P:$P,BK$81)) -> 0
B87: Joiner 1 | C87: =B24 -> Ling Xue | D87: =IF($B87="Lead",SUMIFS('Hero Skills'!$H:$H,'Hero Skills'!$F:$F,D$83,'Hero Skills'!$E:$E,D$82,'Hero Skills'!$D:$D,"Friend",'Hero Skills'!$C:$C,"All",'Hero Skills'!$A:$A,$C87,'Hero Skills'!$I:$I,"Stats-Based",'Hero Skills'!$P:$P,D$81)+SUMIFS('Hero Skills'!$H:$H,'Hero Skills'!$C:$C,$F$1,'Hero Skills'!$F:$F,D$83,'Hero Skills'!$E:$E,D$82,'Hero Skills'!$A:$A,$C87,'Hero Skills'!$I:$I,"Stats-Based",'Hero Skills'!$P:$P,D$81),SUMIFS('Hero Skills'!$H:$H,'Hero Skills'!$F:$F,D$83,'Hero Skills'!$E:$E,D$82,'Hero Skills'!$D:$D,"Friend",'Hero Skills'!$C:$C,"All",'Hero Skills'!$A:$A,$C87,'Hero Skills'!$B:$B,"Skill 1",'Hero Skills'!$I:$I,"Stats-Based",'Hero Skills'!$P:$P,D$81)) -> 0 | E87: =IF($B87="Lead",SUMIFS('Hero Skills'!$H:$H,'Hero Skills'!$F:$F,E$83,'Hero Skills'!$E:$E,E$82,'Hero Skills'!$D:$D,"Friend",'Hero Skills'!$C:$C,"All",'Hero Skills'!$A:$A,$C87,'Hero Skills'!$I:$I,"Stats-Based",'Hero Skills'!$P:$P,E$81)+SUMIFS('Hero Skills'!$H:$H,'Hero Skills'!$C:$C,$F$1,'Hero Skills'!$F:$F,E$83,'Hero Skills'!$E:$E,E$82,'Hero Skills'!$A:$A,$C87,'Hero Skills'!$I:$I,"Stats-Based",'Hero Skills'!$P:$P,E$81),SUMIFS('Hero Skills'!$H:$H,'Hero Skills'!$F:$F,E$83,'Hero Skills'!$E:$E,E$82,'Hero Skills'!$D:$D,"Friend",'Hero Skills'!$C:$C,"All",'Hero Skills'!$A:$A,$C87,'Hero Skills'!$B:$B,"Skill 1",'Hero Skills'!$I:$I,"Stats-Based",'Hero Skills'!$P:$P,E$81)) -> 0 | F87: =IF($B87="Lead",SUMIFS('Hero Skills'!$H:$H,'Hero Skills'!$F:$F,F$83,'Hero Skills'!$E:$E,F$82,'Hero Skills'!$D:$D,"Friend",'Hero Skills'!$C:$C,"All",'Hero Skills'!$A:$A,$C87,'Hero Skills'!$I:$I,"Stats-Based",'Hero Skills'!$P:$P,F$81)+SUMIFS('Hero Skills'!$H:$H,'Hero Skills'!$C:$C,$F$1,'Hero Skills'!$F:$F,F$83,'Hero Skills'!$E:$E,F$82,'Hero Skills'!$A:$A,$C87,'Hero Skills'!$I:$I,"Stats-Based",'Hero Skills'!$P:$P,F$81),SUMIFS('Hero Skills'!$H:$H,'Hero Skills'!$F:$F,F$83,'Hero Skills'!$E:$E,F$82,'Hero Skills'!$D:$D,"Friend",'Hero Skills'!$C:$C,"All",'Hero Skills'!$A:$A,$C87,'Hero Skills'!$B:$B,"Skill 1",'Hero Skills'!$I:$I,"Stats-Based",'Hero Skills'!$P:$P,F$81)) -> 0 | G87: =IF($B87="Lead",SUMIFS('Hero Skills'!$H:$H,'Hero Skills'!$F:$F,G$83,'Hero Skills'!$E:$E,G$82,'Hero Skills'!$D:$D,"Friend",'Hero Skills'!$C:$C,"All",'Hero Skills'!$A:$A,$C87,'Hero Skills'!$I:$I,"Stats-Based",'Hero Skills'!$P:$P,G$81)+SUMIFS('Hero Skills'!$H:$H,'Hero Skills'!$C:$C,$F$1,'Hero Skills'!$F:$F,G$83,'Hero Skills'!$E:$E,G$82,'Hero Skills'!$A:$A,$C87,'Hero Skills'!$I:$I,"Stats-Based",'Hero Skills'!$P:$P,G$81),SUMIFS('Hero Skills'!$H:$H,'Hero Skills'!$F:$F,G$83,'Hero Skills'!$E:$E,G$82,'Hero Skills'!$D:$D,"Friend",'Hero Skills'!$C:$C,"All",'Hero Skills'!$A:$A,$C87,'Hero Skills'!$B:$B,"Skill 1",'Hero Skills'!$I:$I,"Stats-Based",'Hero Skills'!$P:$P,G$81)) -> 0 | H87: =IF($B87="Lead",SUMIFS('Hero Skills'!$H:$H,'Hero Skills'!$F:$F,H$83,'Hero Skills'!$E:$E,H$82,'Hero Skills'!$D:$D,"Friend",'Hero Skills'!$C:$C,"All",'Hero Skills'!$A:$A,$C87,'Hero Skills'!$I:$I,"Stats-Based",'Hero Skills'!$P:$P,H$81)+SUMIFS('Hero Skills'!$H:$H,'Hero Skills'!$C:$C,$F$1,'Hero Skills'!$F:$F,H$83,'Hero Skills'!$E:$E,H$82,'Hero Skills'!$A:$A,$C87,'Hero Skills'!$I:$I,"Stats-Based",'Hero Skills'!$P:$P,H$81),SUMIFS('Hero Skills'!$H:$H,'Hero Skills'!$F:$F,H$83,'Hero Skills'!$E:$E,H$82,'Hero Skills'!$D:$D,"Friend",'Hero Skills'!$C:$C,"All",'Hero Skills'!$A:$A,$C87,'Hero Skills'!$B:$B,"Skill 1",'Hero Skills'!$I:$I,"Stats-Based",'Hero Skills'!$P:$P,H$81)) -> 0 | I87: =IF($B87="Lead",SUMIFS('Hero Skills'!$H:$H,'Hero Skills'!$F:$F,I$83,'Hero Skills'!$E:$E,I$82,'Hero Skills'!$D:$D,"Friend",'Hero Skills'!$C:$C,"All",'Hero Skills'!$A:$A,$C87,'Hero Skills'!$I:$I,"Stats-Based",'Hero Skills'!$P:$P,I$81)+SUMIFS('Hero Skills'!$H:$H,'Hero Skills'!$C:$C,$F$1,'Hero Skills'!$F:$F,I$83,'Hero Skills'!$E:$E,I$82,'Hero Skills'!$A:$A,$C87,'Hero Skills'!$I:$I,"Stats-Based",'Hero Skills'!$P:$P,I$81),SUMIFS('Hero Skills'!$H:$H,'Hero Skills'!$F:$F,I$83,'Hero Skills'!$E:$E,I$82,'Hero Skills'!$D:$D,"Friend",'Hero Skills'!$C:$C,"All",'Hero Skills'!$A:$A,$C87,'Hero Skills'!$B:$B,"Skill 1",'Hero Skills'!$I:$I,"Stats-Based",'Hero Skills'!$P:$P,I$81)) -> 0 | J87: =IF($B87="Lead",SUMIFS('Hero Skills'!$H:$H,'Hero Skills'!$F:$F,J$83,'Hero Skills'!$E:$E,J$82,'Hero Skills'!$D:$D,"Friend",'Hero Skills'!$C:$C,"All",'Hero Skills'!$A:$A,$C87,'Hero Skills'!$I:$I,"Stats-Based",'Hero Skills'!$P:$P,J$81)+SUMIFS('Hero Skills'!$H:$H,'Hero Skills'!$C:$C,$F$1,'Hero Skills'!$F:$F,J$83,'Hero Skills'!$E:$E,J$82,'Hero Skills'!$A:$A,$C87,'Hero Skills'!$I:$I,"Stats-Based",'Hero Skills'!$P:$P,J$81),SUMIFS('Hero Skills'!$H:$H,'Hero Skills'!$F:$F,J$83,'Hero Skills'!$E:$E,J$82,'Hero Skills'!$D:$D,"Friend",'Hero Skills'!$C:$C,"All",'Hero Skills'!$A:$A,$C87,'Hero Skills'!$B:$B,"Skill 1",'Hero Skills'!$I:$I,"Stats-Based",'Hero Skills'!$P:$P,J$81)) -> 0 | K87: =IF($B87="Lead",SUMIFS('Hero Skills'!$H:$H,'Hero Skills'!$F:$F,K$83,'Hero Skills'!$E:$E,K$82,'Hero Skills'!$D:$D,"Friend",'Hero Skills'!$C:$C,"All",'Hero Skills'!$A:$A,$C87,'Hero Skills'!$I:$I,"Stats-Based",'Hero Skills'!$P:$P,K$81)+SUMIFS('Hero Skills'!$H:$H,'Hero Skills'!$C:$C,$F$1,'Hero Skills'!$F:$F,K$83,'Hero Skills'!$E:$E,K$82,'Hero Skills'!$A:$A,$C87,'Hero Skills'!$I:$I,"Stats-Based",'Hero Skills'!$P:$P,K$81),SUMIFS('Hero Skills'!$H:$H,'Hero Skills'!$F:$F,K$83,'Hero Skills'!$E:$E,K$82,'Hero Skills'!$D:$D,"Friend",'Hero Skills'!$C:$C,"All",'Hero Skills'!$A:$A,$C87,'Hero Skills'!$B:$B,"Skill 1",'Hero Skills'!$I:$I,"Stats-Based",'Hero Skills'!$P:$P,K$81)) -> 0 | ... AG87: =IF($B87="Lead",SUMIFS('Hero Skills'!$H:$H,'Hero Skills'!$F:$F,AG$83,'Hero Skills'!$E:$E,AG$82,'Hero Skills'!$D:$D,"Friend",'Hero Skills'!$C:$C,"All",'Hero Skills'!$A:$A,$C87,'Hero Skills'!$I:$I,"Stats-Based",'Hero Skills'!$P:$P,AG$81)+SUMIFS('Hero Skills'!$H:$H,'Hero Skills'!$C:$C,$F$1,'Hero Skills'!$F:$F,AG$83,'Hero Skills'!$E:$E,AG$82,'Hero Skills'!$A:$A,$C87,'Hero Skills'!$I:$I,"Stats-Based",'Hero Skills'!$P:$P,AG$81),SUMIFS('Hero Skills'!$H:$H,'Hero Skills'!$F:$F,AG$83,'Hero Skills'!$E:$E,AG$82,'Hero Skills'!$D:$D,"Friend",'Hero Skills'!$C:$C,"All",'Hero Skills'!$A:$A,$C87,'Hero Skills'!$B:$B,"Skill 1",'Hero Skills'!$I:$I,"Stats-Based",'Hero Skills'!$P:$P,AG$81)) -> 0 | AH87: =IF($B87="Lead",SUMIFS('Hero Skills'!$H:$H,'Hero Skills'!$F:$F,AH$83,'Hero Skills'!$E:$E,AH$82,'Hero Skills'!$D:$D,"Foe",'Hero Skills'!$C:$C,"All",'Hero Skills'!$A:$A,$C87,'Hero Skills'!$I:$I,"Stats-Based",'Hero Skills'!$P:$P,AH$81),SUMIFS('Hero Skills'!$H:$H,'Hero Skills'!$F:$F,AH$83,'Hero Skills'!$E:$E,AH$82,'Hero Skills'!$D:$D,"Foe",'Hero Skills'!$C:$C,"All",'Hero Skills'!$A:$A,$C87,'Hero Skills'!$B:$B,"Skill 1",'Hero Skills'!$I:$I,"Stats-Based",'Hero Skills'!$P:$P,AH$81)) -> -0.2 | AI87: =IF($B87="Lead",SUMIFS('Hero Skills'!$H:$H,'Hero Skills'!$F:$F,AI$83,'Hero Skills'!$E:$E,AI$82,'Hero Skills'!$D:$D,"Foe",'Hero Skills'!$C:$C,"All",'Hero Skills'!$A:$A,$C87,'Hero Skills'!$I:$I,"Stats-Based",'Hero Skills'!$P:$P,AI$81),SUMIFS('Hero Skills'!$H:$H,'Hero Skills'!$F:$F,AI$83,'Hero Skills'!$E:$E,AI$82,'Hero Skills'!$D:$D,"Foe",'Hero Skills'!$C:$C,"All",'Hero Skills'!$A:$A,$C87,'Hero Skills'!$B:$B,"Skill 1",'Hero Skills'!$I:$I,"Stats-Based",'Hero Skills'!$P:$P,AI$81)) -> 0 | AJ87: =IF($B87="Lead",SUMIFS('Hero Skills'!$H:$H,'Hero Skills'!$F:$F,AJ$83,'Hero Skills'!$E:$E,AJ$82,'Hero Skills'!$D:$D,"Foe",'Hero Skills'!$C:$C,"All",'Hero Skills'!$A:$A,$C87,'Hero Skills'!$I:$I,"Stats-Based",'Hero Skills'!$P:$P,AJ$81),SUMIFS('Hero Skills'!$H:$H,'Hero Skills'!$F:$F,AJ$83,'Hero Skills'!$E:$E,AJ$82,'Hero Skills'!$D:$D,"Foe",'Hero Skills'!$C:$C,"All",'Hero Skills'!$A:$A,$C87,'Hero Skills'!$B:$B,"Skill 1",'Hero Skills'!$I:$I,"Stats-Based",'Hero Skills'!$P:$P,AJ$81)) -> 0 | AK87: =IF($B87="Lead",SUMIFS('Hero Skills'!$H:$H,'Hero Skills'!$F:$F,AK$83,'Hero Skills'!$E:$E,AK$82,'Hero Skills'!$D:$D,"Foe",'Hero Skills'!$C:$C,"All",'Hero Skills'!$A:$A,$C87,'Hero Skills'!$I:$I,"Stats-Based",'Hero Skills'!$P:$P,AK$81),SUMIFS('Hero Skills'!$H:$H,'Hero Skills'!$F:$F,AK$83,'Hero Skills'!$E:$E,AK$82,'Hero Skills'!$D:$D,"Foe",'Hero Skills'!$C:$C,"All",'Hero Skills'!$A:$A,$C87,'Hero Skills'!$B:$B,"Skill 1",'Hero Skills'!$I:$I,"Stats-Based",'Hero Skills'!$P:$P,AK$81)) -> 0 | AL87: =IF($B87="Lead",SUMIFS('Hero Skills'!$H:$H,'Hero Skills'!$F:$F,AL$83,'Hero Skills'!$E:$E,AL$82,'Hero Skills'!$D:$D,"Foe",'Hero Skills'!$C:$C,"All",'Hero Skills'!$A:$A,$C87,'Hero Skills'!$I:$I,"Stats-Based",'Hero Skills'!$P:$P,AL$81),SUMIFS('Hero Skills'!$H:$H,'Hero Skills'!$F:$F,AL$83,'Hero Skills'!$E:$E,AL$82,'Hero Skills'!$D:$D,"Foe",'Hero Skills'!$C:$C,"All",'Hero Skills'!$A:$A,$C87,'Hero Skills'!$B:$B,"Skill 1",'Hero Skills'!$I:$I,"Stats-Based",'Hero Skills'!$P:$P,AL$81)) -> 0 | AM87: =IF($B87="Lead",SUMIFS('Hero Skills'!$H:$H,'Hero Skills'!$F:$F,AM$83,'Hero Skills'!$E:$E,AM$82,'Hero Skills'!$D:$D,"Foe",'Hero Skills'!$C:$C,"All",'Hero Skills'!$A:$A,$C87,'Hero Skills'!$I:$I,"Stats-Based",'Hero Skills'!$P:$P,AM$81),SUMIFS('Hero Skills'!$H:$H,'Hero Skills'!$F:$F,AM$83,'Hero Skills'!$E:$E,AM$82,'Hero Skills'!$D:$D,"Foe",'Hero Skills'!$C:$C,"All",'Hero Skills'!$A:$A,$C87,'Hero Skills'!$B:$B,"Skill 1",'Hero Skills'!$I:$I,"Stats-Based",'Hero Skills'!$P:$P,AM$81)) -> 0 | AN87: =IF($B87="Lead",SUMIFS('Hero Skills'!$H:$H,'Hero Skills'!$F:$F,AN$83,'Hero Skills'!$E:$E,AN$82,'Hero Skills'!$D:$D,"Foe",'Hero Skills'!$C:$C,"All",'Hero Skills'!$A:$A,$C87,'Hero Skills'!$I:$I,"Stats-Based",'Hero Skills'!$P:$P,AN$81),SUMIFS('Hero Skills'!$H:$H,'Hero Skills'!$F:$F,AN$83,'Hero Skills'!$E:$E,AN$82,'Hero Skills'!$D:$D,"Foe",'Hero Skills'!$C:$C,"All",'Hero Skills'!$A:$A,$C87,'Hero Skills'!$B:$B,"Skill 1",'Hero Skills'!$I:$I,"Stats-Based",'Hero Skills'!$P:$P,AN$81)) -> 0 | AO87: =IF($B87="Lead",SUMIFS('Hero Skills'!$H:$H,'Hero Skills'!$F:$F,AO$83,'Hero Skills'!$E:$E,AO$82,'Hero Skills'!$D:$D,"Foe",'Hero Skills'!$C:$C,"All",'Hero Skills'!$A:$A,$C87,'Hero Skills'!$I:$I,"Stats-Based",'Hero Skills'!$P:$P,AO$81),SUMIFS('Hero Skills'!$H:$H,'Hero Skills'!$F:$F,AO$83,'Hero Skills'!$E:$E,AO$82,'Hero Skills'!$D:$D,"Foe",'Hero Skills'!$C:$C,"All",'Hero Skills'!$A:$A,$C87,'Hero Skills'!$B:$B,"Skill 1",'Hero Skills'!$I:$I,"Stats-Based",'Hero Skills'!$P:$P,AO$81)) -> 0 | ... BK87: =IF($B87="Lead",SUMIFS('Hero Skills'!$H:$H,'Hero Skills'!$F:$F,BK$83,'Hero Skills'!$E:$E,BK$82,'Hero Skills'!$D:$D,"Foe",'Hero Skills'!$C:$C,"All",'Hero Skills'!$A:$A,$C87,'Hero Skills'!$I:$I,"Stats-Based",'Hero Skills'!$P:$P,BK$81),SUMIFS('Hero Skills'!$H:$H,'Hero Skills'!$F:$F,BK$83,'Hero Skills'!$E:$E,BK$82,'Hero Skills'!$D:$D,"Foe",'Hero Skills'!$C:$C,"All",'Hero Skills'!$A:$A,$C87,'Hero Skills'!$B:$B,"Skill 1",'Hero Skills'!$I:$I,"Stats-Based",'Hero Skills'!$P:$P,BK$81)) -> 0
B88: Joiner 2 | C88: =B25 -> Gregory | D88: =IF($B88="Lead",SUMIFS('Hero Skills'!$H:$H,'Hero Skills'!$F:$F,D$83,'Hero Skills'!$E:$E,D$82,'Hero Skills'!$D:$D,"Friend",'Hero Skills'!$C:$C,"All",'Hero Skills'!$A:$A,$C88,'Hero Skills'!$I:$I,"Stats-Based",'Hero Skills'!$P:$P,D$81)+SUMIFS('Hero Skills'!$H:$H,'Hero Skills'!$C:$C,$F$1,'Hero Skills'!$F:$F,D$83,'Hero Skills'!$E:$E,D$82,'Hero Skills'!$A:$A,$C88,'Hero Skills'!$I:$I,"Stats-Based",'Hero Skills'!$P:$P,D$81),SUMIFS('Hero Skills'!$H:$H,'Hero Skills'!$F:$F,D$83,'Hero Skills'!$E:$E,D$82,'Hero Skills'!$D:$D,"Friend",'Hero Skills'!$C:$C,"All",'Hero Skills'!$A:$A,$C88,'Hero Skills'!$B:$B,"Skill 1",'Hero Skills'!$I:$I,"Stats-Based",'Hero Skills'!$P:$P,D$81)) -> 0.15 | E88: =IF($B88="Lead",SUMIFS('Hero Skills'!$H:$H,'Hero Skills'!$F:$F,E$83,'Hero Skills'!$E:$E,E$82,'Hero Skills'!$D:$D,"Friend",'Hero Skills'!$C:$C,"All",'Hero Skills'!$A:$A,$C88,'Hero Skills'!$I:$I,"Stats-Based",'Hero Skills'!$P:$P,E$81)+SUMIFS('Hero Skills'!$H:$H,'Hero Skills'!$C:$C,$F$1,'Hero Skills'!$F:$F,E$83,'Hero Skills'!$E:$E,E$82,'Hero Skills'!$A:$A,$C88,'Hero Skills'!$I:$I,"Stats-Based",'Hero Skills'!$P:$P,E$81),SUMIFS('Hero Skills'!$H:$H,'Hero Skills'!$F:$F,E$83,'Hero Skills'!$E:$E,E$82,'Hero Skills'!$D:$D,"Friend",'Hero Skills'!$C:$C,"All",'Hero Skills'!$A:$A,$C88,'Hero Skills'!$B:$B,"Skill 1",'Hero Skills'!$I:$I,"Stats-Based",'Hero Skills'!$P:$P,E$81)) -> 0.1 | F88: =IF($B88="Lead",SUMIFS('Hero Skills'!$H:$H,'Hero Skills'!$F:$F,F$83,'Hero Skills'!$E:$E,F$82,'Hero Skills'!$D:$D,"Friend",'Hero Skills'!$C:$C,"All",'Hero Skills'!$A:$A,$C88,'Hero Skills'!$I:$I,"Stats-Based",'Hero Skills'!$P:$P,F$81)+SUMIFS('Hero Skills'!$H:$H,'Hero Skills'!$C:$C,$F$1,'Hero Skills'!$F:$F,F$83,'Hero Skills'!$E:$E,F$82,'Hero Skills'!$A:$A,$C88,'Hero Skills'!$I:$I,"Stats-Based",'Hero Skills'!$P:$P,F$81),SUMIFS('Hero Skills'!$H:$H,'Hero Skills'!$F:$F,F$83,'Hero Skills'!$E:$E,F$82,'Hero Skills'!$D:$D,"Friend",'Hero Skills'!$C:$C,"All",'Hero Skills'!$A:$A,$C88,'Hero Skills'!$B:$B,"Skill 1",'Hero Skills'!$I:$I,"Stats-Based",'Hero Skills'!$P:$P,F$81)) -> 0 | G88: =IF($B88="Lead",SUMIFS('Hero Skills'!$H:$H,'Hero Skills'!$F:$F,G$83,'Hero Skills'!$E:$E,G$82,'Hero Skills'!$D:$D,"Friend",'Hero Skills'!$C:$C,"All",'Hero Skills'!$A:$A,$C88,'Hero Skills'!$I:$I,"Stats-Based",'Hero Skills'!$P:$P,G$81)+SUMIFS('Hero Skills'!$H:$H,'Hero Skills'!$C:$C,$F$1,'Hero Skills'!$F:$F,G$83,'Hero Skills'!$E:$E,G$82,'Hero Skills'!$A:$A,$C88,'Hero Skills'!$I:$I,"Stats-Based",'Hero Skills'!$P:$P,G$81),SUMIFS('Hero Skills'!$H:$H,'Hero Skills'!$F:$F,G$83,'Hero Skills'!$E:$E,G$82,'Hero Skills'!$D:$D,"Friend",'Hero Skills'!$C:$C,"All",'Hero Skills'!$A:$A,$C88,'Hero Skills'!$B:$B,"Skill 1",'Hero Skills'!$I:$I,"Stats-Based",'Hero Skills'!$P:$P,G$81)) -> 0 | H88: =IF($B88="Lead",SUMIFS('Hero Skills'!$H:$H,'Hero Skills'!$F:$F,H$83,'Hero Skills'!$E:$E,H$82,'Hero Skills'!$D:$D,"Friend",'Hero Skills'!$C:$C,"All",'Hero Skills'!$A:$A,$C88,'Hero Skills'!$I:$I,"Stats-Based",'Hero Skills'!$P:$P,H$81)+SUMIFS('Hero Skills'!$H:$H,'Hero Skills'!$C:$C,$F$1,'Hero Skills'!$F:$F,H$83,'Hero Skills'!$E:$E,H$82,'Hero Skills'!$A:$A,$C88,'Hero Skills'!$I:$I,"Stats-Based",'Hero Skills'!$P:$P,H$81),SUMIFS('Hero Skills'!$H:$H,'Hero Skills'!$F:$F,H$83,'Hero Skills'!$E:$E,H$82,'Hero Skills'!$D:$D,"Friend",'Hero Skills'!$C:$C,"All",'Hero Skills'!$A:$A,$C88,'Hero Skills'!$B:$B,"Skill 1",'Hero Skills'!$I:$I,"Stats-Based",'Hero Skills'!$P:$P,H$81)) -> 0 | I88: =IF($B88="Lead",SUMIFS('Hero Skills'!$H:$H,'Hero Skills'!$F:$F,I$83,'Hero Skills'!$E:$E,I$82,'Hero Skills'!$D:$D,"Friend",'Hero Skills'!$C:$C,"All",'Hero Skills'!$A:$A,$C88,'Hero Skills'!$I:$I,"Stats-Based",'Hero Skills'!$P:$P,I$81)+SUMIFS('Hero Skills'!$H:$H,'Hero Skills'!$C:$C,$F$1,'Hero Skills'!$F:$F,I$83,'Hero Skills'!$E:$E,I$82,'Hero Skills'!$A:$A,$C88,'Hero Skills'!$I:$I,"Stats-Based",'Hero Skills'!$P:$P,I$81),SUMIFS('Hero Skills'!$H:$H,'Hero Skills'!$F:$F,I$83,'Hero Skills'!$E:$E,I$82,'Hero Skills'!$D:$D,"Friend",'Hero Skills'!$C:$C,"All",'Hero Skills'!$A:$A,$C88,'Hero Skills'!$B:$B,"Skill 1",'Hero Skills'!$I:$I,"Stats-Based",'Hero Skills'!$P:$P,I$81)) -> 0 | J88: =IF($B88="Lead",SUMIFS('Hero Skills'!$H:$H,'Hero Skills'!$F:$F,J$83,'Hero Skills'!$E:$E,J$82,'Hero Skills'!$D:$D,"Friend",'Hero Skills'!$C:$C,"All",'Hero Skills'!$A:$A,$C88,'Hero Skills'!$I:$I,"Stats-Based",'Hero Skills'!$P:$P,J$81)+SUMIFS('Hero Skills'!$H:$H,'Hero Skills'!$C:$C,$F$1,'Hero Skills'!$F:$F,J$83,'Hero Skills'!$E:$E,J$82,'Hero Skills'!$A:$A,$C88,'Hero Skills'!$I:$I,"Stats-Based",'Hero Skills'!$P:$P,J$81),SUMIFS('Hero Skills'!$H:$H,'Hero Skills'!$F:$F,J$83,'Hero Skills'!$E:$E,J$82,'Hero Skills'!$D:$D,"Friend",'Hero Skills'!$C:$C,"All",'Hero Skills'!$A:$A,$C88,'Hero Skills'!$B:$B,"Skill 1",'Hero Skills'!$I:$I,"Stats-Based",'Hero Skills'!$P:$P,J$81)) -> 0 | K88: =IF($B88="Lead",SUMIFS('Hero Skills'!$H:$H,'Hero Skills'!$F:$F,K$83,'Hero Skills'!$E:$E,K$82,'Hero Skills'!$D:$D,"Friend",'Hero Skills'!$C:$C,"All",'Hero Skills'!$A:$A,$C88,'Hero Skills'!$I:$I,"Stats-Based",'Hero Skills'!$P:$P,K$81)+SUMIFS('Hero Skills'!$H:$H,'Hero Skills'!$C:$C,$F$1,'Hero Skills'!$F:$F,K$83,'Hero Skills'!$E:$E,K$82,'Hero Skills'!$A:$A,$C88,'Hero Skills'!$I:$I,"Stats-Based",'Hero Skills'!$P:$P,K$81),SUMIFS('Hero Skills'!$H:$H,'Hero Skills'!$F:$F,K$83,'Hero Skills'!$E:$E,K$82,'Hero Skills'!$D:$D,"Friend",'Hero Skills'!$C:$C,"All",'Hero Skills'!$A:$A,$C88,'Hero Skills'!$B:$B,"Skill 1",'Hero Skills'!$I:$I,"Stats-Based",'Hero Skills'!$P:$P,K$81)) -> 0 | ... AG88: =IF($B88="Lead",SUMIFS('Hero Skills'!$H:$H,'Hero Skills'!$F:$F,AG$83,'Hero Skills'!$E:$E,AG$82,'Hero Skills'!$D:$D,"Friend",'Hero Skills'!$C:$C,"All",'Hero Skills'!$A:$A,$C88,'Hero Skills'!$I:$I,"Stats-Based",'Hero Skills'!$P:$P,AG$81)+SUMIFS('Hero Skills'!$H:$H,'Hero Skills'!$C:$C,$F$1,'Hero Skills'!$F:$F,AG$83,'Hero Skills'!$E:$E,AG$82,'Hero Skills'!$A:$A,$C88,'Hero Skills'!$I:$I,"Stats-Based",'Hero Skills'!$P:$P,AG$81),SUMIFS('Hero Skills'!$H:$H,'Hero Skills'!$F:$F,AG$83,'Hero Skills'!$E:$E,AG$82,'Hero Skills'!$D:$D,"Friend",'Hero Skills'!$C:$C,"All",'Hero Skills'!$A:$A,$C88,'Hero Skills'!$B:$B,"Skill 1",'Hero Skills'!$I:$I,"Stats-Based",'Hero Skills'!$P:$P,AG$81)) -> 0 | AH88: =IF($B88="Lead",SUMIFS('Hero Skills'!$H:$H,'Hero Skills'!$F:$F,AH$83,'Hero Skills'!$E:$E,AH$82,'Hero Skills'!$D:$D,"Foe",'Hero Skills'!$C:$C,"All",'Hero Skills'!$A:$A,$C88,'Hero Skills'!$I:$I,"Stats-Based",'Hero Skills'!$P:$P,AH$81),SUMIFS('Hero Skills'!$H:$H,'Hero Skills'!$F:$F,AH$83,'Hero Skills'!$E:$E,AH$82,'Hero Skills'!$D:$D,"Foe",'Hero Skills'!$C:$C,"All",'Hero Skills'!$A:$A,$C88,'Hero Skills'!$B:$B,"Skill 1",'Hero Skills'!$I:$I,"Stats-Based",'Hero Skills'!$P:$P,AH$81)) -> 0 | AI88: =IF($B88="Lead",SUMIFS('Hero Skills'!$H:$H,'Hero Skills'!$F:$F,AI$83,'Hero Skills'!$E:$E,AI$82,'Hero Skills'!$D:$D,"Foe",'Hero Skills'!$C:$C,"All",'Hero Skills'!$A:$A,$C88,'Hero Skills'!$I:$I,"Stats-Based",'Hero Skills'!$P:$P,AI$81),SUMIFS('Hero Skills'!$H:$H,'Hero Skills'!$F:$F,AI$83,'Hero Skills'!$E:$E,AI$82,'Hero Skills'!$D:$D,"Foe",'Hero Skills'!$C:$C,"All",'Hero Skills'!$A:$A,$C88,'Hero Skills'!$B:$B,"Skill 1",'Hero Skills'!$I:$I,"Stats-Based",'Hero Skills'!$P:$P,AI$81)) -> 0 | AJ88: =IF($B88="Lead",SUMIFS('Hero Skills'!$H:$H,'Hero Skills'!$F:$F,AJ$83,'Hero Skills'!$E:$E,AJ$82,'Hero Skills'!$D:$D,"Foe",'Hero Skills'!$C:$C,"All",'Hero Skills'!$A:$A,$C88,'Hero Skills'!$I:$I,"Stats-Based",'Hero Skills'!$P:$P,AJ$81),SUMIFS('Hero Skills'!$H:$H,'Hero Skills'!$F:$F,AJ$83,'Hero Skills'!$E:$E,AJ$82,'Hero Skills'!$D:$D,"Foe",'Hero Skills'!$C:$C,"All",'Hero Skills'!$A:$A,$C88,'Hero Skills'!$B:$B,"Skill 1",'Hero Skills'!$I:$I,"Stats-Based",'Hero Skills'!$P:$P,AJ$81)) -> 0 | AK88: =IF($B88="Lead",SUMIFS('Hero Skills'!$H:$H,'Hero Skills'!$F:$F,AK$83,'Hero Skills'!$E:$E,AK$82,'Hero Skills'!$D:$D,"Foe",'Hero Skills'!$C:$C,"All",'Hero Skills'!$A:$A,$C88,'Hero Skills'!$I:$I,"Stats-Based",'Hero Skills'!$P:$P,AK$81),SUMIFS('Hero Skills'!$H:$H,'Hero Skills'!$F:$F,AK$83,'Hero Skills'!$E:$E,AK$82,'Hero Skills'!$D:$D,"Foe",'Hero Skills'!$C:$C,"All",'Hero Skills'!$A:$A,$C88,'Hero Skills'!$B:$B,"Skill 1",'Hero Skills'!$I:$I,"Stats-Based",'Hero Skills'!$P:$P,AK$81)) -> 0 | AL88: =IF($B88="Lead",SUMIFS('Hero Skills'!$H:$H,'Hero Skills'!$F:$F,AL$83,'Hero Skills'!$E:$E,AL$82,'Hero Skills'!$D:$D,"Foe",'Hero Skills'!$C:$C,"All",'Hero Skills'!$A:$A,$C88,'Hero Skills'!$I:$I,"Stats-Based",'Hero Skills'!$P:$P,AL$81),SUMIFS('Hero Skills'!$H:$H,'Hero Skills'!$F:$F,AL$83,'Hero Skills'!$E:$E,AL$82,'Hero Skills'!$D:$D,"Foe",'Hero Skills'!$C:$C,"All",'Hero Skills'!$A:$A,$C88,'Hero Skills'!$B:$B,"Skill 1",'Hero Skills'!$I:$I,"Stats-Based",'Hero Skills'!$P:$P,AL$81)) -> 0 | AM88: =IF($B88="Lead",SUMIFS('Hero Skills'!$H:$H,'Hero Skills'!$F:$F,AM$83,'Hero Skills'!$E:$E,AM$82,'Hero Skills'!$D:$D,"Foe",'Hero Skills'!$C:$C,"All",'Hero Skills'!$A:$A,$C88,'Hero Skills'!$I:$I,"Stats-Based",'Hero Skills'!$P:$P,AM$81),SUMIFS('Hero Skills'!$H:$H,'Hero Skills'!$F:$F,AM$83,'Hero Skills'!$E:$E,AM$82,'Hero Skills'!$D:$D,"Foe",'Hero Skills'!$C:$C,"All",'Hero Skills'!$A:$A,$C88,'Hero Skills'!$B:$B,"Skill 1",'Hero Skills'!$I:$I,"Stats-Based",'Hero Skills'!$P:$P,AM$81)) -> 0 | AN88: =IF($B88="Lead",SUMIFS('Hero Skills'!$H:$H,'Hero Skills'!$F:$F,AN$83,'Hero Skills'!$E:$E,AN$82,'Hero Skills'!$D:$D,"Foe",'Hero Skills'!$C:$C,"All",'Hero Skills'!$A:$A,$C88,'Hero Skills'!$I:$I,"Stats-Based",'Hero Skills'!$P:$P,AN$81),SUMIFS('Hero Skills'!$H:$H,'Hero Skills'!$F:$F,AN$83,'Hero Skills'!$E:$E,AN$82,'Hero Skills'!$D:$D,"Foe",'Hero Skills'!$C:$C,"All",'Hero Skills'!$A:$A,$C88,'Hero Skills'!$B:$B,"Skill 1",'Hero Skills'!$I:$I,"Stats-Based",'Hero Skills'!$P:$P,AN$81)) -> 0 | AO88: =IF($B88="Lead",SUMIFS('Hero Skills'!$H:$H,'Hero Skills'!$F:$F,AO$83,'Hero Skills'!$E:$E,AO$82,'Hero Skills'!$D:$D,"Foe",'Hero Skills'!$C:$C,"All",'Hero Skills'!$A:$A,$C88,'Hero Skills'!$I:$I,"Stats-Based",'Hero Skills'!$P:$P,AO$81),SUMIFS('Hero Skills'!$H:$H,'Hero Skills'!$F:$F,AO$83,'Hero Skills'!$E:$E,AO$82,'Hero Skills'!$D:$D,"Foe",'Hero Skills'!$C:$C,"All",'Hero Skills'!$A:$A,$C88,'Hero Skills'!$B:$B,"Skill 1",'Hero Skills'!$I:$I,"Stats-Based",'Hero Skills'!$P:$P,AO$81)) -> 0 | ... BK88: =IF($B88="Lead",SUMIFS('Hero Skills'!$H:$H,'Hero Skills'!$F:$F,BK$83,'Hero Skills'!$E:$E,BK$82,'Hero Skills'!$D:$D,"Foe",'Hero Skills'!$C:$C,"All",'Hero Skills'!$A:$A,$C88,'Hero Skills'!$I:$I,"Stats-Based",'Hero Skills'!$P:$P,BK$81),SUMIFS('Hero Skills'!$H:$H,'Hero Skills'!$F:$F,BK$83,'Hero Skills'!$E:$E,BK$82,'Hero Skills'!$D:$D,"Foe",'Hero Skills'!$C:$C,"All",'Hero Skills'!$A:$A,$C88,'Hero Skills'!$B:$B,"Skill 1",'Hero Skills'!$I:$I,"Stats-Based",'Hero Skills'!$P:$P,BK$81)) -> 0
B89: Joiner 3 | C89: =B26 -> Renee | D89: =IF($B89="Lead",SUMIFS('Hero Skills'!$H:$H,'Hero Skills'!$F:$F,D$83,'Hero Skills'!$E:$E,D$82,'Hero Skills'!$D:$D,"Friend",'Hero Skills'!$C:$C,"All",'Hero Skills'!$A:$A,$C89,'Hero Skills'!$I:$I,"Stats-Based",'Hero Skills'!$P:$P,D$81)+SUMIFS('Hero Skills'!$H:$H,'Hero Skills'!$C:$C,$F$1,'Hero Skills'!$F:$F,D$83,'Hero Skills'!$E:$E,D$82,'Hero Skills'!$A:$A,$C89,'Hero Skills'!$I:$I,"Stats-Based",'Hero Skills'!$P:$P,D$81),SUMIFS('Hero Skills'!$H:$H,'Hero Skills'!$F:$F,D$83,'Hero Skills'!$E:$E,D$82,'Hero Skills'!$D:$D,"Friend",'Hero Skills'!$C:$C,"All",'Hero Skills'!$A:$A,$C89,'Hero Skills'!$B:$B,"Skill 1",'Hero Skills'!$I:$I,"Stats-Based",'Hero Skills'!$P:$P,D$81)) -> 0 | E89: =IF($B89="Lead",SUMIFS('Hero Skills'!$H:$H,'Hero Skills'!$F:$F,E$83,'Hero Skills'!$E:$E,E$82,'Hero Skills'!$D:$D,"Friend",'Hero Skills'!$C:$C,"All",'Hero Skills'!$A:$A,$C89,'Hero Skills'!$I:$I,"Stats-Based",'Hero Skills'!$P:$P,E$81)+SUMIFS('Hero Skills'!$H:$H,'Hero Skills'!$C:$C,$F$1,'Hero Skills'!$F:$F,E$83,'Hero Skills'!$E:$E,E$82,'Hero Skills'!$A:$A,$C89,'Hero Skills'!$I:$I,"Stats-Based",'Hero Skills'!$P:$P,E$81),SUMIFS('Hero Skills'!$H:$H,'Hero Skills'!$F:$F,E$83,'Hero Skills'!$E:$E,E$82,'Hero Skills'!$D:$D,"Friend",'Hero Skills'!$C:$C,"All",'Hero Skills'!$A:$A,$C89,'Hero Skills'!$B:$B,"Skill 1",'Hero Skills'!$I:$I,"Stats-Based",'Hero Skills'!$P:$P,E$81)) -> 0 | F89: =IF($B89="Lead",SUMIFS('Hero Skills'!$H:$H,'Hero Skills'!$F:$F,F$83,'Hero Skills'!$E:$E,F$82,'Hero Skills'!$D:$D,"Friend",'Hero Skills'!$C:$C,"All",'Hero Skills'!$A:$A,$C89,'Hero Skills'!$I:$I,"Stats-Based",'Hero Skills'!$P:$P,F$81)+SUMIFS('Hero Skills'!$H:$H,'Hero Skills'!$C:$C,$F$1,'Hero Skills'!$F:$F,F$83,'Hero Skills'!$E:$E,F$82,'Hero Skills'!$A:$A,$C89,'Hero Skills'!$I:$I,"Stats-Based",'Hero Skills'!$P:$P,F$81),SUMIFS('Hero Skills'!$H:$H,'Hero Skills'!$F:$F,F$83,'Hero Skills'!$E:$E,F$82,'Hero Skills'!$D:$D,"Friend",'Hero Skills'!$C:$C,"All",'Hero Skills'!$A:$A,$C89,'Hero Skills'!$B:$B,"Skill 1",'Hero Skills'!$I:$I,"Stats-Based",'Hero Skills'!$P:$P,F$81)) -> 0 | G89: =IF($B89="Lead",SUMIFS('Hero Skills'!$H:$H,'Hero Skills'!$F:$F,G$83,'Hero Skills'!$E:$E,G$82,'Hero Skills'!$D:$D,"Friend",'Hero Skills'!$C:$C,"All",'Hero Skills'!$A:$A,$C89,'Hero Skills'!$I:$I,"Stats-Based",'Hero Skills'!$P:$P,G$81)+SUMIFS('Hero Skills'!$H:$H,'Hero Skills'!$C:$C,$F$1,'Hero Skills'!$F:$F,G$83,'Hero Skills'!$E:$E,G$82,'Hero Skills'!$A:$A,$C89,'Hero Skills'!$I:$I,"Stats-Based",'Hero Skills'!$P:$P,G$81),SUMIFS('Hero Skills'!$H:$H,'Hero Skills'!$F:$F,G$83,'Hero Skills'!$E:$E,G$82,'Hero Skills'!$D:$D,"Friend",'Hero Skills'!$C:$C,"All",'Hero Skills'!$A:$A,$C89,'Hero Skills'!$B:$B,"Skill 1",'Hero Skills'!$I:$I,"Stats-Based",'Hero Skills'!$P:$P,G$81)) -> 0 | H89: =IF($B89="Lead",SUMIFS('Hero Skills'!$H:$H,'Hero Skills'!$F:$F,H$83,'Hero Skills'!$E:$E,H$82,'Hero Skills'!$D:$D,"Friend",'Hero Skills'!$C:$C,"All",'Hero Skills'!$A:$A,$C89,'Hero Skills'!$I:$I,"Stats-Based",'Hero Skills'!$P:$P,H$81)+SUMIFS('Hero Skills'!$H:$H,'Hero Skills'!$C:$C,$F$1,'Hero Skills'!$F:$F,H$83,'Hero Skills'!$E:$E,H$82,'Hero Skills'!$A:$A,$C89,'Hero Skills'!$I:$I,"Stats-Based",'Hero Skills'!$P:$P,H$81),SUMIFS('Hero Skills'!$H:$H,'Hero Skills'!$F:$F,H$83,'Hero Skills'!$E:$E,H$82,'Hero Skills'!$D:$D,"Friend",'Hero Skills'!$C:$C,"All",'Hero Skills'!$A:$A,$C89,'Hero Skills'!$B:$B,"Skill 1",'Hero Skills'!$I:$I,"Stats-Based",'Hero Skills'!$P:$P,H$81)) -> 0 | I89: =IF($B89="Lead",SUMIFS('Hero Skills'!$H:$H,'Hero Skills'!$F:$F,I$83,'Hero Skills'!$E:$E,I$82,'Hero Skills'!$D:$D,"Friend",'Hero Skills'!$C:$C,"All",'Hero Skills'!$A:$A,$C89,'Hero Skills'!$I:$I,"Stats-Based",'Hero Skills'!$P:$P,I$81)+SUMIFS('Hero Skills'!$H:$H,'Hero Skills'!$C:$C,$F$1,'Hero Skills'!$F:$F,I$83,'Hero Skills'!$E:$E,I$82,'Hero Skills'!$A:$A,$C89,'Hero Skills'!$I:$I,"Stats-Based",'Hero Skills'!$P:$P,I$81),SUMIFS('Hero Skills'!$H:$H,'Hero Skills'!$F:$F,I$83,'Hero Skills'!$E:$E,I$82,'Hero Skills'!$D:$D,"Friend",'Hero Skills'!$C:$C,"All",'Hero Skills'!$A:$A,$C89,'Hero Skills'!$B:$B,"Skill 1",'Hero Skills'!$I:$I,"Stats-Based",'Hero Skills'!$P:$P,I$81)) -> 0 | J89: =IF($B89="Lead",SUMIFS('Hero Skills'!$H:$H,'Hero Skills'!$F:$F,J$83,'Hero Skills'!$E:$E,J$82,'Hero Skills'!$D:$D,"Friend",'Hero Skills'!$C:$C,"All",'Hero Skills'!$A:$A,$C89,'Hero Skills'!$I:$I,"Stats-Based",'Hero Skills'!$P:$P,J$81)+SUMIFS('Hero Skills'!$H:$H,'Hero Skills'!$C:$C,$F$1,'Hero Skills'!$F:$F,J$83,'Hero Skills'!$E:$E,J$82,'Hero Skills'!$A:$A,$C89,'Hero Skills'!$I:$I,"Stats-Based",'Hero Skills'!$P:$P,J$81),SUMIFS('Hero Skills'!$H:$H,'Hero Skills'!$F:$F,J$83,'Hero Skills'!$E:$E,J$82,'Hero Skills'!$D:$D,"Friend",'Hero Skills'!$C:$C,"All",'Hero Skills'!$A:$A,$C89,'Hero Skills'!$B:$B,"Skill 1",'Hero Skills'!$I:$I,"Stats-Based",'Hero Skills'!$P:$P,J$81)) -> 0 | K89: =IF($B89="Lead",SUMIFS('Hero Skills'!$H:$H,'Hero Skills'!$F:$F,K$83,'Hero Skills'!$E:$E,K$82,'Hero Skills'!$D:$D,"Friend",'Hero Skills'!$C:$C,"All",'Hero Skills'!$A:$A,$C89,'Hero Skills'!$I:$I,"Stats-Based",'Hero Skills'!$P:$P,K$81)+SUMIFS('Hero Skills'!$H:$H,'Hero Skills'!$C:$C,$F$1,'Hero Skills'!$F:$F,K$83,'Hero Skills'!$E:$E,K$82,'Hero Skills'!$A:$A,$C89,'Hero Skills'!$I:$I,"Stats-Based",'Hero Skills'!$P:$P,K$81),SUMIFS('Hero Skills'!$H:$H,'Hero Skills'!$F:$F,K$83,'Hero Skills'!$E:$E,K$82,'Hero Skills'!$D:$D,"Friend",'Hero Skills'!$C:$C,"All",'Hero Skills'!$A:$A,$C89,'Hero Skills'!$B:$B,"Skill 1",'Hero Skills'!$I:$I,"Stats-Based",'Hero Skills'!$P:$P,K$81)) -> 0 | ... AG89: =IF($B89="Lead",SUMIFS('Hero Skills'!$H:$H,'Hero Skills'!$F:$F,AG$83,'Hero Skills'!$E:$E,AG$82,'Hero Skills'!$D:$D,"Friend",'Hero Skills'!$C:$C,"All",'Hero Skills'!$A:$A,$C89,'Hero Skills'!$I:$I,"Stats-Based",'Hero Skills'!$P:$P,AG$81)+SUMIFS('Hero Skills'!$H:$H,'Hero Skills'!$C:$C,$F$1,'Hero Skills'!$F:$F,AG$83,'Hero Skills'!$E:$E,AG$82,'Hero Skills'!$A:$A,$C89,'Hero Skills'!$I:$I,"Stats-Based",'Hero Skills'!$P:$P,AG$81),SUMIFS('Hero Skills'!$H:$H,'Hero Skills'!$F:$F,AG$83,'Hero Skills'!$E:$E,AG$82,'Hero Skills'!$D:$D,"Friend",'Hero Skills'!$C:$C,"All",'Hero Skills'!$A:$A,$C89,'Hero Skills'!$B:$B,"Skill 1",'Hero Skills'!$I:$I,"Stats-Based",'Hero Skills'!$P:$P,AG$81)) -> 0 | AH89: =IF($B89="Lead",SUMIFS('Hero Skills'!$H:$H,'Hero Skills'!$F:$F,AH$83,'Hero Skills'!$E:$E,AH$82,'Hero Skills'!$D:$D,"Foe",'Hero Skills'!$C:$C,"All",'Hero Skills'!$A:$A,$C89,'Hero Skills'!$I:$I,"Stats-Based",'Hero Skills'!$P:$P,AH$81),SUMIFS('Hero Skills'!$H:$H,'Hero Skills'!$F:$F,AH$83,'Hero Skills'!$E:$E,AH$82,'Hero Skills'!$D:$D,"Foe",'Hero Skills'!$C:$C,"All",'Hero Skills'!$A:$A,$C89,'Hero Skills'!$B:$B,"Skill 1",'Hero Skills'!$I:$I,"Stats-Based",'Hero Skills'!$P:$P,AH$81)) -> 0 | AI89: =IF($B89="Lead",SUMIFS('Hero Skills'!$H:$H,'Hero Skills'!$F:$F,AI$83,'Hero Skills'!$E:$E,AI$82,'Hero Skills'!$D:$D,"Foe",'Hero Skills'!$C:$C,"All",'Hero Skills'!$A:$A,$C89,'Hero Skills'!$I:$I,"Stats-Based",'Hero Skills'!$P:$P,AI$81),SUMIFS('Hero Skills'!$H:$H,'Hero Skills'!$F:$F,AI$83,'Hero Skills'!$E:$E,AI$82,'Hero Skills'!$D:$D,"Foe",'Hero Skills'!$C:$C,"All",'Hero Skills'!$A:$A,$C89,'Hero Skills'!$B:$B,"Skill 1",'Hero Skills'!$I:$I,"Stats-Based",'Hero Skills'!$P:$P,AI$81)) -> 0 | AJ89: =IF($B89="Lead",SUMIFS('Hero Skills'!$H:$H,'Hero Skills'!$F:$F,AJ$83,'Hero Skills'!$E:$E,AJ$82,'Hero Skills'!$D:$D,"Foe",'Hero Skills'!$C:$C,"All",'Hero Skills'!$A:$A,$C89,'Hero Skills'!$I:$I,"Stats-Based",'Hero Skills'!$P:$P,AJ$81),SUMIFS('Hero Skills'!$H:$H,'Hero Skills'!$F:$F,AJ$83,'Hero Skills'!$E:$E,AJ$82,'Hero Skills'!$D:$D,"Foe",'Hero Skills'!$C:$C,"All",'Hero Skills'!$A:$A,$C89,'Hero Skills'!$B:$B,"Skill 1",'Hero Skills'!$I:$I,"Stats-Based",'Hero Skills'!$P:$P,AJ$81)) -> 0 | AK89: =IF($B89="Lead",SUMIFS('Hero Skills'!$H:$H,'Hero Skills'!$F:$F,AK$83,'Hero Skills'!$E:$E,AK$82,'Hero Skills'!$D:$D,"Foe",'Hero Skills'!$C:$C,"All",'Hero Skills'!$A:$A,$C89,'Hero Skills'!$I:$I,"Stats-Based",'Hero Skills'!$P:$P,AK$81),SUMIFS('Hero Skills'!$H:$H,'Hero Skills'!$F:$F,AK$83,'Hero Skills'!$E:$E,AK$82,'Hero Skills'!$D:$D,"Foe",'Hero Skills'!$C:$C,"All",'Hero Skills'!$A:$A,$C89,'Hero Skills'!$B:$B,"Skill 1",'Hero Skills'!$I:$I,"Stats-Based",'Hero Skills'!$P:$P,AK$81)) -> 0 | AL89: =IF($B89="Lead",SUMIFS('Hero Skills'!$H:$H,'Hero Skills'!$F:$F,AL$83,'Hero Skills'!$E:$E,AL$82,'Hero Skills'!$D:$D,"Foe",'Hero Skills'!$C:$C,"All",'Hero Skills'!$A:$A,$C89,'Hero Skills'!$I:$I,"Stats-Based",'Hero Skills'!$P:$P,AL$81),SUMIFS('Hero Skills'!$H:$H,'Hero Skills'!$F:$F,AL$83,'Hero Skills'!$E:$E,AL$82,'Hero Skills'!$D:$D,"Foe",'Hero Skills'!$C:$C,"All",'Hero Skills'!$A:$A,$C89,'Hero Skills'!$B:$B,"Skill 1",'Hero Skills'!$I:$I,"Stats-Based",'Hero Skills'!$P:$P,AL$81)) -> 0 | AM89: =IF($B89="Lead",SUMIFS('Hero Skills'!$H:$H,'Hero Skills'!$F:$F,AM$83,'Hero Skills'!$E:$E,AM$82,'Hero Skills'!$D:$D,"Foe",'Hero Skills'!$C:$C,"All",'Hero Skills'!$A:$A,$C89,'Hero Skills'!$I:$I,"Stats-Based",'Hero Skills'!$P:$P,AM$81),SUMIFS('Hero Skills'!$H:$H,'Hero Skills'!$F:$F,AM$83,'Hero Skills'!$E:$E,AM$82,'Hero Skills'!$D:$D,"Foe",'Hero Skills'!$C:$C,"All",'Hero Skills'!$A:$A,$C89,'Hero Skills'!$B:$B,"Skill 1",'Hero Skills'!$I:$I,"Stats-Based",'Hero Skills'!$P:$P,AM$81)) -> 0 | AN89: =IF($B89="Lead",SUMIFS('Hero Skills'!$H:$H,'Hero Skills'!$F:$F,AN$83,'Hero Skills'!$E:$E,AN$82,'Hero Skills'!$D:$D,"Foe",'Hero Skills'!$C:$C,"All",'Hero Skills'!$A:$A,$C89,'Hero Skills'!$I:$I,"Stats-Based",'Hero Skills'!$P:$P,AN$81),SUMIFS('Hero Skills'!$H:$H,'Hero Skills'!$F:$F,AN$83,'Hero Skills'!$E:$E,AN$82,'Hero Skills'!$D:$D,"Foe",'Hero Skills'!$C:$C,"All",'Hero Skills'!$A:$A,$C89,'Hero Skills'!$B:$B,"Skill 1",'Hero Skills'!$I:$I,"Stats-Based",'Hero Skills'!$P:$P,AN$81)) -> 0 | AO89: =IF($B89="Lead",SUMIFS('Hero Skills'!$H:$H,'Hero Skills'!$F:$F,AO$83,'Hero Skills'!$E:$E,AO$82,'Hero Skills'!$D:$D,"Foe",'Hero Skills'!$C:$C,"All",'Hero Skills'!$A:$A,$C89,'Hero Skills'!$I:$I,"Stats-Based",'Hero Skills'!$P:$P,AO$81),SUMIFS('Hero Skills'!$H:$H,'Hero Skills'!$F:$F,AO$83,'Hero Skills'!$E:$E,AO$82,'Hero Skills'!$D:$D,"Foe",'Hero Skills'!$C:$C,"All",'Hero Skills'!$A:$A,$C89,'Hero Skills'!$B:$B,"Skill 1",'Hero Skills'!$I:$I,"Stats-Based",'Hero Skills'!$P:$P,AO$81)) -> 0 | ... BK89: =IF($B89="Lead",SUMIFS('Hero Skills'!$H:$H,'Hero Skills'!$F:$F,BK$83,'Hero Skills'!$E:$E,BK$82,'Hero Skills'!$D:$D,"Foe",'Hero Skills'!$C:$C,"All",'Hero Skills'!$A:$A,$C89,'Hero Skills'!$I:$I,"Stats-Based",'Hero Skills'!$P:$P,BK$81),SUMIFS('Hero Skills'!$H:$H,'Hero Skills'!$F:$F,BK$83,'Hero Skills'!$E:$E,BK$82,'Hero Skills'!$D:$D,"Foe",'Hero Skills'!$C:$C,"All",'Hero Skills'!$A:$A,$C89,'Hero Skills'!$B:$B,"Skill 1",'Hero Skills'!$I:$I,"Stats-Based",'Hero Skills'!$P:$P,BK$81)) -> 0
B90: Joiner 4 | C90: =B27 -> Gordon | D90: =IF($B90="Lead",SUMIFS('Hero Skills'!$H:$H,'Hero Skills'!$F:$F,D$83,'Hero Skills'!$E:$E,D$82,'Hero Skills'!$D:$D,"Friend",'Hero Skills'!$C:$C,"All",'Hero Skills'!$A:$A,$C90,'Hero Skills'!$I:$I,"Stats-Based",'Hero Skills'!$P:$P,D$81)+SUMIFS('Hero Skills'!$H:$H,'Hero Skills'!$C:$C,$F$1,'Hero Skills'!$F:$F,D$83,'Hero Skills'!$E:$E,D$82,'Hero Skills'!$A:$A,$C90,'Hero Skills'!$I:$I,"Stats-Based",'Hero Skills'!$P:$P,D$81),SUMIFS('Hero Skills'!$H:$H,'Hero Skills'!$F:$F,D$83,'Hero Skills'!$E:$E,D$82,'Hero Skills'!$D:$D,"Friend",'Hero Skills'!$C:$C,"All",'Hero Skills'!$A:$A,$C90,'Hero Skills'!$B:$B,"Skill 1",'Hero Skills'!$I:$I,"Stats-Based",'Hero Skills'!$P:$P,D$81)) -> 0 | E90: =IF($B90="Lead",SUMIFS('Hero Skills'!$H:$H,'Hero Skills'!$F:$F,E$83,'Hero Skills'!$E:$E,E$82,'Hero Skills'!$D:$D,"Friend",'Hero Skills'!$C:$C,"All",'Hero Skills'!$A:$A,$C90,'Hero Skills'!$I:$I,"Stats-Based",'Hero Skills'!$P:$P,E$81)+SUMIFS('Hero Skills'!$H:$H,'Hero Skills'!$C:$C,$F$1,'Hero Skills'!$F:$F,E$83,'Hero Skills'!$E:$E,E$82,'Hero Skills'!$A:$A,$C90,'Hero Skills'!$I:$I,"Stats-Based",'Hero Skills'!$P:$P,E$81),SUMIFS('Hero Skills'!$H:$H,'Hero Skills'!$F:$F,E$83,'Hero Skills'!$E:$E,E$82,'Hero Skills'!$D:$D,"Friend",'Hero Skills'!$C:$C,"All",'Hero Skills'!$A:$A,$C90,'Hero Skills'!$B:$B,"Skill 1",'Hero Skills'!$I:$I,"Stats-Based",'Hero Skills'!$P:$P,E$81)) -> 0 | F90: =IF($B90="Lead",SUMIFS('Hero Skills'!$H:$H,'Hero Skills'!$F:$F,F$83,'Hero Skills'!$E:$E,F$82,'Hero Skills'!$D:$D,"Friend",'Hero Skills'!$C:$C,"All",'Hero Skills'!$A:$A,$C90,'Hero Skills'!$I:$I,"Stats-Based",'Hero Skills'!$P:$P,F$81)+SUMIFS('Hero Skills'!$H:$H,'Hero Skills'!$C:$C,$F$1,'Hero Skills'!$F:$F,F$83,'Hero Skills'!$E:$E,F$82,'Hero Skills'!$A:$A,$C90,'Hero Skills'!$I:$I,"Stats-Based",'Hero Skills'!$P:$P,F$81),SUMIFS('Hero Skills'!$H:$H,'Hero Skills'!$F:$F,F$83,'Hero Skills'!$E:$E,F$82,'Hero Skills'!$D:$D,"Friend",'Hero Skills'!$C:$C,"All",'Hero Skills'!$A:$A,$C90,'Hero Skills'!$B:$B,"Skill 1",'Hero Skills'!$I:$I,"Stats-Based",'Hero Skills'!$P:$P,F$81)) -> 0 | G90: =IF($B90="Lead",SUMIFS('Hero Skills'!$H:$H,'Hero Skills'!$F:$F,G$83,'Hero Skills'!$E:$E,G$82,'Hero Skills'!$D:$D,"Friend",'Hero Skills'!$C:$C,"All",'Hero Skills'!$A:$A,$C90,'Hero Skills'!$I:$I,"Stats-Based",'Hero Skills'!$P:$P,G$81)+SUMIFS('Hero Skills'!$H:$H,'Hero Skills'!$C:$C,$F$1,'Hero Skills'!$F:$F,G$83,'Hero Skills'!$E:$E,G$82,'Hero Skills'!$A:$A,$C90,'Hero Skills'!$I:$I,"Stats-Based",'Hero Skills'!$P:$P,G$81),SUMIFS('Hero Skills'!$H:$H,'Hero Skills'!$F:$F,G$83,'Hero Skills'!$E:$E,G$82,'Hero Skills'!$D:$D,"Friend",'Hero Skills'!$C:$C,"All",'Hero Skills'!$A:$A,$C90,'Hero Skills'!$B:$B,"Skill 1",'Hero Skills'!$I:$I,"Stats-Based",'Hero Skills'!$P:$P,G$81)) -> 0 | H90: =IF($B90="Lead",SUMIFS('Hero Skills'!$H:$H,'Hero Skills'!$F:$F,H$83,'Hero Skills'!$E:$E,H$82,'Hero Skills'!$D:$D,"Friend",'Hero Skills'!$C:$C,"All",'Hero Skills'!$A:$A,$C90,'Hero Skills'!$I:$I,"Stats-Based",'Hero Skills'!$P:$P,H$81)+SUMIFS('Hero Skills'!$H:$H,'Hero Skills'!$C:$C,$F$1,'Hero Skills'!$F:$F,H$83,'Hero Skills'!$E:$E,H$82,'Hero Skills'!$A:$A,$C90,'Hero Skills'!$I:$I,"Stats-Based",'Hero Skills'!$P:$P,H$81),SUMIFS('Hero Skills'!$H:$H,'Hero Skills'!$F:$F,H$83,'Hero Skills'!$E:$E,H$82,'Hero Skills'!$D:$D,"Friend",'Hero Skills'!$C:$C,"All",'Hero Skills'!$A:$A,$C90,'Hero Skills'!$B:$B,"Skill 1",'Hero Skills'!$I:$I,"Stats-Based",'Hero Skills'!$P:$P,H$81)) -> 0 | I90: =IF($B90="Lead",SUMIFS('Hero Skills'!$H:$H,'Hero Skills'!$F:$F,I$83,'Hero Skills'!$E:$E,I$82,'Hero Skills'!$D:$D,"Friend",'Hero Skills'!$C:$C,"All",'Hero Skills'!$A:$A,$C90,'Hero Skills'!$I:$I,"Stats-Based",'Hero Skills'!$P:$P,I$81)+SUMIFS('Hero Skills'!$H:$H,'Hero Skills'!$C:$C,$F$1,'Hero Skills'!$F:$F,I$83,'Hero Skills'!$E:$E,I$82,'Hero Skills'!$A:$A,$C90,'Hero Skills'!$I:$I,"Stats-Based",'Hero Skills'!$P:$P,I$81),SUMIFS('Hero Skills'!$H:$H,'Hero Skills'!$F:$F,I$83,'Hero Skills'!$E:$E,I$82,'Hero Skills'!$D:$D,"Friend",'Hero Skills'!$C:$C,"All",'Hero Skills'!$A:$A,$C90,'Hero Skills'!$B:$B,"Skill 1",'Hero Skills'!$I:$I,"Stats-Based",'Hero Skills'!$P:$P,I$81)) -> 0 | J90: =IF($B90="Lead",SUMIFS('Hero Skills'!$H:$H,'Hero Skills'!$F:$F,J$83,'Hero Skills'!$E:$E,J$82,'Hero Skills'!$D:$D,"Friend",'Hero Skills'!$C:$C,"All",'Hero Skills'!$A:$A,$C90,'Hero Skills'!$I:$I,"Stats-Based",'Hero Skills'!$P:$P,J$81)+SUMIFS('Hero Skills'!$H:$H,'Hero Skills'!$C:$C,$F$1,'Hero Skills'!$F:$F,J$83,'Hero Skills'!$E:$E,J$82,'Hero Skills'!$A:$A,$C90,'Hero Skills'!$I:$I,"Stats-Based",'Hero Skills'!$P:$P,J$81),SUMIFS('Hero Skills'!$H:$H,'Hero Skills'!$F:$F,J$83,'Hero Skills'!$E:$E,J$82,'Hero Skills'!$D:$D,"Friend",'Hero Skills'!$C:$C,"All",'Hero Skills'!$A:$A,$C90,'Hero Skills'!$B:$B,"Skill 1",'Hero Skills'!$I:$I,"Stats-Based",'Hero Skills'!$P:$P,J$81)) -> 0 | K90: =IF($B90="Lead",SUMIFS('Hero Skills'!$H:$H,'Hero Skills'!$F:$F,K$83,'Hero Skills'!$E:$E,K$82,'Hero Skills'!$D:$D,"Friend",'Hero Skills'!$C:$C,"All",'Hero Skills'!$A:$A,$C90,'Hero Skills'!$I:$I,"Stats-Based",'Hero Skills'!$P:$P,K$81)+SUMIFS('Hero Skills'!$H:$H,'Hero Skills'!$C:$C,$F$1,'Hero Skills'!$F:$F,K$83,'Hero Skills'!$E:$E,K$82,'Hero Skills'!$A:$A,$C90,'Hero Skills'!$I:$I,"Stats-Based",'Hero Skills'!$P:$P,K$81),SUMIFS('Hero Skills'!$H:$H,'Hero Skills'!$F:$F,K$83,'Hero Skills'!$E:$E,K$82,'Hero Skills'!$D:$D,"Friend",'Hero Skills'!$C:$C,"All",'Hero Skills'!$A:$A,$C90,'Hero Skills'!$B:$B,"Skill 1",'Hero Skills'!$I:$I,"Stats-Based",'Hero Skills'!$P:$P,K$81)) -> 0 | ... AG90: =IF($B90="Lead",SUMIFS('Hero Skills'!$H:$H,'Hero Skills'!$F:$F,AG$83,'Hero Skills'!$E:$E,AG$82,'Hero Skills'!$D:$D,"Friend",'Hero Skills'!$C:$C,"All",'Hero Skills'!$A:$A,$C90,'Hero Skills'!$I:$I,"Stats-Based",'Hero Skills'!$P:$P,AG$81)+SUMIFS('Hero Skills'!$H:$H,'Hero Skills'!$C:$C,$F$1,'Hero Skills'!$F:$F,AG$83,'Hero Skills'!$E:$E,AG$82,'Hero Skills'!$A:$A,$C90,'Hero Skills'!$I:$I,"Stats-Based",'Hero Skills'!$P:$P,AG$81),SUMIFS('Hero Skills'!$H:$H,'Hero Skills'!$F:$F,AG$83,'Hero Skills'!$E:$E,AG$82,'Hero Skills'!$D:$D,"Friend",'Hero Skills'!$C:$C,"All",'Hero Skills'!$A:$A,$C90,'Hero Skills'!$B:$B,"Skill 1",'Hero Skills'!$I:$I,"Stats-Based",'Hero Skills'!$P:$P,AG$81)) -> 0 | AH90: =IF($B90="Lead",SUMIFS('Hero Skills'!$H:$H,'Hero Skills'!$F:$F,AH$83,'Hero Skills'!$E:$E,AH$82,'Hero Skills'!$D:$D,"Foe",'Hero Skills'!$C:$C,"All",'Hero Skills'!$A:$A,$C90,'Hero Skills'!$I:$I,"Stats-Based",'Hero Skills'!$P:$P,AH$81),SUMIFS('Hero Skills'!$H:$H,'Hero Skills'!$F:$F,AH$83,'Hero Skills'!$E:$E,AH$82,'Hero Skills'!$D:$D,"Foe",'Hero Skills'!$C:$C,"All",'Hero Skills'!$A:$A,$C90,'Hero Skills'!$B:$B,"Skill 1",'Hero Skills'!$I:$I,"Stats-Based",'Hero Skills'!$P:$P,AH$81)) -> 0 | AI90: =IF($B90="Lead",SUMIFS('Hero Skills'!$H:$H,'Hero Skills'!$F:$F,AI$83,'Hero Skills'!$E:$E,AI$82,'Hero Skills'!$D:$D,"Foe",'Hero Skills'!$C:$C,"All",'Hero Skills'!$A:$A,$C90,'Hero Skills'!$I:$I,"Stats-Based",'Hero Skills'!$P:$P,AI$81),SUMIFS('Hero Skills'!$H:$H,'Hero Skills'!$F:$F,AI$83,'Hero Skills'!$E:$E,AI$82,'Hero Skills'!$D:$D,"Foe",'Hero Skills'!$C:$C,"All",'Hero Skills'!$A:$A,$C90,'Hero Skills'!$B:$B,"Skill 1",'Hero Skills'!$I:$I,"Stats-Based",'Hero Skills'!$P:$P,AI$81)) -> 0 | AJ90: =IF($B90="Lead",SUMIFS('Hero Skills'!$H:$H,'Hero Skills'!$F:$F,AJ$83,'Hero Skills'!$E:$E,AJ$82,'Hero Skills'!$D:$D,"Foe",'Hero Skills'!$C:$C,"All",'Hero Skills'!$A:$A,$C90,'Hero Skills'!$I:$I,"Stats-Based",'Hero Skills'!$P:$P,AJ$81),SUMIFS('Hero Skills'!$H:$H,'Hero Skills'!$F:$F,AJ$83,'Hero Skills'!$E:$E,AJ$82,'Hero Skills'!$D:$D,"Foe",'Hero Skills'!$C:$C,"All",'Hero Skills'!$A:$A,$C90,'Hero Skills'!$B:$B,"Skill 1",'Hero Skills'!$I:$I,"Stats-Based",'Hero Skills'!$P:$P,AJ$81)) -> 0 | AK90: =IF($B90="Lead",SUMIFS('Hero Skills'!$H:$H,'Hero Skills'!$F:$F,AK$83,'Hero Skills'!$E:$E,AK$82,'Hero Skills'!$D:$D,"Foe",'Hero Skills'!$C:$C,"All",'Hero Skills'!$A:$A,$C90,'Hero Skills'!$I:$I,"Stats-Based",'Hero Skills'!$P:$P,AK$81),SUMIFS('Hero Skills'!$H:$H,'Hero Skills'!$F:$F,AK$83,'Hero Skills'!$E:$E,AK$82,'Hero Skills'!$D:$D,"Foe",'Hero Skills'!$C:$C,"All",'Hero Skills'!$A:$A,$C90,'Hero Skills'!$B:$B,"Skill 1",'Hero Skills'!$I:$I,"Stats-Based",'Hero Skills'!$P:$P,AK$81)) -> 0 | AL90: =IF($B90="Lead",SUMIFS('Hero Skills'!$H:$H,'Hero Skills'!$F:$F,AL$83,'Hero Skills'!$E:$E,AL$82,'Hero Skills'!$D:$D,"Foe",'Hero Skills'!$C:$C,"All",'Hero Skills'!$A:$A,$C90,'Hero Skills'!$I:$I,"Stats-Based",'Hero Skills'!$P:$P,AL$81),SUMIFS('Hero Skills'!$H:$H,'Hero Skills'!$F:$F,AL$83,'Hero Skills'!$E:$E,AL$82,'Hero Skills'!$D:$D,"Foe",'Hero Skills'!$C:$C,"All",'Hero Skills'!$A:$A,$C90,'Hero Skills'!$B:$B,"Skill 1",'Hero Skills'!$I:$I,"Stats-Based",'Hero Skills'!$P:$P,AL$81)) -> 0 | AM90: =IF($B90="Lead",SUMIFS('Hero Skills'!$H:$H,'Hero Skills'!$F:$F,AM$83,'Hero Skills'!$E:$E,AM$82,'Hero Skills'!$D:$D,"Foe",'Hero Skills'!$C:$C,"All",'Hero Skills'!$A:$A,$C90,'Hero Skills'!$I:$I,"Stats-Based",'Hero Skills'!$P:$P,AM$81),SUMIFS('Hero Skills'!$H:$H,'Hero Skills'!$F:$F,AM$83,'Hero Skills'!$E:$E,AM$82,'Hero Skills'!$D:$D,"Foe",'Hero Skills'!$C:$C,"All",'Hero Skills'!$A:$A,$C90,'Hero Skills'!$B:$B,"Skill 1",'Hero Skills'!$I:$I,"Stats-Based",'Hero Skills'!$P:$P,AM$81)) -> 0 | AN90: =IF($B90="Lead",SUMIFS('Hero Skills'!$H:$H,'Hero Skills'!$F:$F,AN$83,'Hero Skills'!$E:$E,AN$82,'Hero Skills'!$D:$D,"Foe",'Hero Skills'!$C:$C,"All",'Hero Skills'!$A:$A,$C90,'Hero Skills'!$I:$I,"Stats-Based",'Hero Skills'!$P:$P,AN$81),SUMIFS('Hero Skills'!$H:$H,'Hero Skills'!$F:$F,AN$83,'Hero Skills'!$E:$E,AN$82,'Hero Skills'!$D:$D,"Foe",'Hero Skills'!$C:$C,"All",'Hero Skills'!$A:$A,$C90,'Hero Skills'!$B:$B,"Skill 1",'Hero Skills'!$I:$I,"Stats-Based",'Hero Skills'!$P:$P,AN$81)) -> 0 | AO90: =IF($B90="Lead",SUMIFS('Hero Skills'!$H:$H,'Hero Skills'!$F:$F,AO$83,'Hero Skills'!$E:$E,AO$82,'Hero Skills'!$D:$D,"Foe",'Hero Skills'!$C:$C,"All",'Hero Skills'!$A:$A,$C90,'Hero Skills'!$I:$I,"Stats-Based",'Hero Skills'!$P:$P,AO$81),SUMIFS('Hero Skills'!$H:$H,'Hero Skills'!$F:$F,AO$83,'Hero Skills'!$E:$E,AO$82,'Hero Skills'!$D:$D,"Foe",'Hero Skills'!$C:$C,"All",'Hero Skills'!$A:$A,$C90,'Hero Skills'!$B:$B,"Skill 1",'Hero Skills'!$I:$I,"Stats-Based",'Hero Skills'!$P:$P,AO$81)) -> 0 | ... BK90: =IF($B90="Lead",SUMIFS('Hero Skills'!$H:$H,'Hero Skills'!$F:$F,BK$83,'Hero Skills'!$E:$E,BK$82,'Hero Skills'!$D:$D,"Foe",'Hero Skills'!$C:$C,"All",'Hero Skills'!$A:$A,$C90,'Hero Skills'!$I:$I,"Stats-Based",'Hero Skills'!$P:$P,BK$81),SUMIFS('Hero Skills'!$H:$H,'Hero Skills'!$F:$F,BK$83,'Hero Skills'!$E:$E,BK$82,'Hero Skills'!$D:$D,"Foe",'Hero Skills'!$C:$C,"All",'Hero Skills'!$A:$A,$C90,'Hero Skills'!$B:$B,"Skill 1",'Hero Skills'!$I:$I,"Stats-Based",'Hero Skills'!$P:$P,BK$81)) -> 0
C92: Total | D92: =(1+D84)*(1+D85)*(1+D86)*(1+D87)*(1+D88)*(1+D89)*(1+D90)-1 -> 0.8515 | E92: =(1+E84)*(1+E85)*(1+E86)*(1+E87)*(1+E88)*(1+E89)*(1+E90)-1 -> 0.43 | F92: =(1+F84)*(1+F85)*(1+F86)*(1+F87)*(1+F88)*(1+F89)*(1+F90)-1 -> 0 | G92: =(1+G84)*(1+G85)*(1+G86)*(1+G87)*(1+G88)*(1+G89)*(1+G90)-1 -> 0.15 | H92: =(1+H84)*(1+H85)*(1+H86)*(1+H87)*(1+H88)*(1+H89)*(1+H90)-1 -> 0 | M92: =(1+M84)*(1+M85)*(1+M86)*(1+M87)*(1+M88)*(1+M89)*(1+M90)-1 -> 0 | N92: =(1+N84)*(1+N85)*(1+N86)*(1+N87)*(1+N88)*(1+N89)*(1+N90)-1 -> 0.8515 | O92: =(1+O84)*(1+O85)*(1+O86)*(1+O87)*(1+O88)*(1+O89)*(1+O90)-1 -> 0.1 | P92: =(1+P84)*(1+P85)*(1+P86)*(1+P87)*(1+P88)*(1+P89)*(1+P90)-1 -> 0 | Q92: =(1+Q84)*(1+Q85)*(1+Q86)*(1+Q87)*(1+Q88)*(1+Q89)*(1+Q90)-1 -> 0.15 | V92: =(1+V84)*(1+V85)*(1+V86)*(1+V87)*(1+V88)*(1+V89)*(1+V90)-1 -> 0 | W92: =(1+W84)*(1+W85)*(1+W86)*(1+W87)*(1+W88)*(1+W89)*(1+W90)-1 -> 0 | X92: =(1+X84)*(1+X85)*(1+X86)*(1+X87)*(1+X88)*(1+X89)*(1+X90)-1 -> 0.8515 | Y92: =(1+Y84)*(1+Y85)*(1+Y86)*(1+Y87)*(1+Y88)*(1+Y89)*(1+Y90)-1 -> 0.1 | Z92: =(1+Z84)*(1+Z85)*(1+Z86)*(1+Z87)*(1+Z88)*(1+Z89)*(1+Z90)-1 -> 0 | AA92: =(1+AA84)*(1+AA85)*(1+AA86)*(1+AA87)*(1+AA88)*(1+AA89)*(1+AA90)-1 -> 0.15 | AF92: =(1+AF84)*(1+AF85)*(1+AF86)*(1+AF87)*(1+AF88)*(1+AF89)*(1+AF90)-1 -> 0 | AG92: =(1+AG84)*(1+AG85)*(1+AG86)*(1+AG87)*(1+AG88)*(1+AG89)*(1+AG90)-1 -> 0 | AH92: =(1+AH84)*(1+AH85)*(1+AH86)*(1+AH87)*(1+AH88)*(1+AH89)*(1+AH90)-1 -> -0.2 | AI92: =(1+AI84)*(1+AI85)*(1+AI86)*(1+AI87)*(1+AI88)*(1+AI89)*(1+AI90)-1 -> 0 | AJ92: =(1+AJ84)*(1+AJ85)*(1+AJ86)*(1+AJ87)*(1+AJ88)*(1+AJ89)*(1+AJ90)-1 -> 0 | AK92: =(1+AK84)*(1+AK85)*(1+AK86)*(1+AK87)*(1+AK88)*(1+AK89)*(1+AK90)-1 -> 0 | AP92: =(1+AP84)*(1+AP85)*(1+AP86)*(1+AP87)*(1+AP88)*(1+AP89)*(1+AP90)-1 -> 0 | AQ92: =(1+AQ84)*(1+AQ85)*(1+AQ86)*(1+AQ87)*(1+AQ88)*(1+AQ89)*(1+AQ90)-1 -> 0 | AR92: =(1+AR84)*(1+AR85)*(1+AR86)*(1+AR87)*(1+AR88)*(1+AR89)*(1+AR90)-1 -> -0.2 | AS92: =(1+AS84)*(1+AS85)*(1+AS86)*(1+AS87)*(1+AS88)*(1+AS89)*(1+AS90)-1 -> 0 | AT92: =(1+AT84)*(1+AT85)*(1+AT86)*(1+AT87)*(1+AT88)*(1+AT89)*(1+AT90)-1 -> 0 | AU92: =(1+AU84)*(1+AU85)*(1+AU86)*(1+AU87)*(1+AU88)*(1+AU89)*(1+AU90)-1 -> 0 | AZ92: =(1+AZ84)*(1+AZ85)*(1+AZ86)*(1+AZ87)*(1+AZ88)*(1+AZ89)*(1+AZ90)-1 -> 0 | BA92: =(1+BA84)*(1+BA85)*(1+BA86)*(1+BA87)*(1+BA88)*(1+BA89)*(1+BA90)-1 -> 0 | BB92: =(1+BB84)*(1+BB85)*(1+BB86)*(1+BB87)*(1+BB88)*(1+BB89)*(1+BB90)-1 -> -0.2 | BC92: =(1+BC84)*(1+BC85)*(1+BC86)*(1+BC87)*(1+BC88)*(1+BC89)*(1+BC90)-1 -> 0 | BD92: =(1+BD84)*(1+BD85)*(1+BD86)*(1+BD87)*(1+BD88)*(1+BD89)*(1+BD90)-1 -> 0 | BE92: =(1+BE84)*(1+BE85)*(1+BE86)*(1+BE87)*(1+BE88)*(1+BE89)*(1+BE90)-1 -> 0 | BF92: =(1+BF84)*(1+BF85)*(1+BF86)*(1+BF87)*(1+BF88)*(1+BF89)*(1+BF90)-1 -> 0 | BG92: =(1+BG84)*(1+BG85)*(1+BG86)*(1+BG87)*(1+BG88)*(1+BG89)*(1+BG90)-1 -> 0
B93: Opponent Troops | D93: Opponent Effect | AH93: Enemy Effect
B94: Hero Position | C94: Name | D94: Both | E94: Both | F94: Both | G94: Both | H94: Both | I94: Normal | J94: Skilled | K94: Both | L94: Normal | M94: Skilled | N94: Both | O94: Both | P94: Both | Q94: Both | R94: Both | S94: Normal | T94: Skilled | U94: Both | V94: Normal | W94: Skilled | X94: Both | Y94: Both | Z94: Both | AA94: Both | AB94: Both | AC94: Normal | AD94: Skilled | AE94: Both | AF94: Normal | AG94: Skilled | AH94: Both | AI94: Both | AJ94: Both | AK94: Both | AL94: Both | AM94: Normal | AN94: Skilled | AO94: Both | AP94: Normal | AQ94: Skilled | AR94: Both | AS94: Both | AT94: Both | AU94: Both | AV94: Both | AW94: Normal | AX94: Skilled | AY94: Both | AZ94: Normal | BA94: Skilled | BB94: Both | BC94: Both | BD94: Both | BE94: Both | BF94: Both | BG94: Normal | BH94: Skilled | BI94: Both | BJ94: Normal | BK94: Skilled
D95: Infantry | E95: Infantry | F95: Infantry | G95: Infantry | H95: Infantry | I95: Infantry | J95: Infantry | K95: Infantry | L95: Infantry | M95: Infantry | N95: Lancer | O95: Lancer | P95: Lancer | Q95: Lancer | R95: Lancer | S95: Lancer | T95: Lancer | U95: Lancer | V95: Lancer | W95: Lancer | X95: Marksman | Y95: Marksman | Z95: Marksman | AA95: Marksman | AB95: Marksman | AC95: Marksman | AD95: Marksman | AE95: Marksman | AF95: Marksman | AG95: Marksman | AH95: Infantry | AI95: Infantry | AJ95: Infantry | AK95: Infantry | AL95: Infantry | AM95: Infantry | AN95: Infantry | AO95: Infantry | AP95: Infantry | AQ95: Infantry | AR95: Lancer | AS95: Lancer | AT95: Lancer | AU95: Lancer | AV95: Lancer | AW95: Lancer | AX95: Lancer | AY95: Lancer | AZ95: Lancer | BA95: Lancer | BB95: Marksman | BC95: Marksman | BD95: Marksman | BE95: Marksman | BF95: Marksman | BG95: Marksman | BH95: Marksman | BI95: Marksman | BJ95: Marksman | BK95: Marksman
D96: Attack | E96: Defense | F96: Lethality | G96: Health | H96: Damage Dealt | I96: Damage Dealt | J96: Damage Dealt | K96: Damage Taken | L96: Damage Taken | M96: Damage Taken | N96: Attack | O96: Defense | P96: Lethality | Q96: Health | R96: Damage Dealt | S96: Damage Dealt | T96: Damage Dealt | U96: Damage Taken | V96: Damage Taken | W96: Damage Taken | X96: Attack | Y96: Defense | Z96: Lethality | AA96: Health | AB96: Damage Dealt | AC96: Damage Dealt | AD96: Damage Dealt | AE96: Damage Taken | AF96: Damage Taken | AG96: Damage Taken | AH96: Attack | AI96: Defense | AJ96: Lethality | AK96: Health | AL96: Damage Dealt | AM96: Damage Dealt | AN96: Damage Dealt | AO96: Damage Taken | AP96: Damage Taken | AQ96: Damage Taken | AR96: Attack | AS96: Defense | AT96: Lethality | AU96: Health | AV96: Damage Dealt | AW96: Damage Dealt | AX96: Damage Dealt | AY96: Damage Taken | AZ96: Damage Taken | BA96: Damage Taken | BB96: Attack | BC96: Defense | BD96: Lethality | BE96: Health | BF96: Damage Dealt | BG96: Damage Dealt | BH96: Damage Dealt | BI96: Damage Taken | BJ96: Damage Taken | BK96: Damage Taken
B97: Lead | C97: =I19 -> Elif | D97: =IF($B97="Lead",SUMIFS('Hero Skills'!$H:$H,'Hero Skills'!$F:$F,D$83,'Hero Skills'!$E:$E,D$82,'Hero Skills'!$D:$D,"Friend",'Hero Skills'!$C:$C,"All",'Hero Skills'!$A:$A,$C97,'Hero Skills'!$I:$I,"Stats-Based",'Hero Skills'!$P:$P,D$81)+SUMIFS('Hero Skills'!$H:$H,'Hero Skills'!$C:$C,$F$1,'Hero Skills'!$F:$F,D$83,'Hero Skills'!$E:$E,D$82,'Hero Skills'!$A:$A,$C97,'Hero Skills'!$I:$I,"Stats-Based",'Hero Skills'!$P:$P,D$81),SUMIFS('Hero Skills'!$H:$H,'Hero Skills'!$F:$F,D$83,'Hero Skills'!$E:$E,D$82,'Hero Skills'!$D:$D,"Friend",'Hero Skills'!$C:$C,"All",'Hero Skills'!$A:$A,$C97,'Hero Skills'!$B:$B,"Skill 1",'Hero Skills'!$I:$I,"Stats-Based",'Hero Skills'!$P:$P,D$81)) -> 0.15 | E97: =IF($B97="Lead",SUMIFS('Hero Skills'!$H:$H,'Hero Skills'!$F:$F,E$83,'Hero Skills'!$E:$E,E$82,'Hero Skills'!$D:$D,"Friend",'Hero Skills'!$C:$C,"All",'Hero Skills'!$A:$A,$C97,'Hero Skills'!$I:$I,"Stats-Based",'Hero Skills'!$P:$P,E$81)+SUMIFS('Hero Skills'!$H:$H,'Hero Skills'!$C:$C,$F$1,'Hero Skills'!$F:$F,E$83,'Hero Skills'!$E:$E,E$82,'Hero Skills'!$A:$A,$C97,'Hero Skills'!$I:$I,"Stats-Based",'Hero Skills'!$P:$P,E$81),SUMIFS('Hero Skills'!$H:$H,'Hero Skills'!$F:$F,E$83,'Hero Skills'!$E:$E,E$82,'Hero Skills'!$D:$D,"Friend",'Hero Skills'!$C:$C,"All",'Hero Skills'!$A:$A,$C97,'Hero Skills'!$B:$B,"Skill 1",'Hero Skills'!$I:$I,"Stats-Based",'Hero Skills'!$P:$P,E$81)) -> 0.25 | F97: =IF($B97="Lead",SUMIFS('Hero Skills'!$H:$H,'Hero Skills'!$F:$F,F$83,'Hero Skills'!$E:$E,F$82,'Hero Skills'!$D:$D,"Friend",'Hero Skills'!$C:$C,"All",'Hero Skills'!$A:$A,$C97,'Hero Skills'!$I:$I,"Stats-Based",'Hero Skills'!$P:$P,F$81)+SUMIFS('Hero Skills'!$H:$H,'Hero Skills'!$C:$C,$F$1,'Hero Skills'!$F:$F,F$83,'Hero Skills'!$E:$E,F$82,'Hero Skills'!$A:$A,$C97,'Hero Skills'!$I:$I,"Stats-Based",'Hero Skills'!$P:$P,F$81),SUMIFS('Hero Skills'!$H:$H,'Hero Skills'!$F:$F,F$83,'Hero Skills'!$E:$E,F$82,'Hero Skills'!$D:$D,"Friend",'Hero Skills'!$C:$C,"All",'Hero Skills'!$A:$A,$C97,'Hero Skills'!$B:$B,"Skill 1",'Hero Skills'!$I:$I,"Stats-Based",'Hero Skills'!$P:$P,F$81)) -> 0 | G97: =IF($B97="Lead",SUMIFS('Hero Skills'!$H:$H,'Hero Skills'!$F:$F,G$83,'Hero Skills'!$E:$E,G$82,'Hero Skills'!$D:$D,"Friend",'Hero Skills'!$C:$C,"All",'Hero Skills'!$A:$A,$C97,'Hero Skills'!$I:$I,"Stats-Based",'Hero Skills'!$P:$P,G$81)+SUMIFS('Hero Skills'!$H:$H,'Hero Skills'!$C:$C,$F$1,'Hero Skills'!$F:$F,G$83,'Hero Skills'!$E:$E,G$82,'Hero Skills'!$A:$A,$C97,'Hero Skills'!$I:$I,"Stats-Based",'Hero Skills'!$P:$P,G$81),SUMIFS('Hero Skills'!$H:$H,'Hero Skills'!$F:$F,G$83,'Hero Skills'!$E:$E,G$82,'Hero Skills'!$D:$D,"Friend",'Hero Skills'!$C:$C,"All",'Hero Skills'!$A:$A,$C97,'Hero Skills'!$B:$B,"Skill 1",'Hero Skills'!$I:$I,"Stats-Based",'Hero Skills'!$P:$P,G$81)) -> 0 | H97: =IF($B97="Lead",SUMIFS('Hero Skills'!$H:$H,'Hero Skills'!$F:$F,H$83,'Hero Skills'!$E:$E,H$82,'Hero Skills'!$D:$D,"Friend",'Hero Skills'!$C:$C,"All",'Hero Skills'!$A:$A,$C97,'Hero Skills'!$I:$I,"Stats-Based",'Hero Skills'!$P:$P,H$81)+SUMIFS('Hero Skills'!$H:$H,'Hero Skills'!$C:$C,$F$1,'Hero Skills'!$F:$F,H$83,'Hero Skills'!$E:$E,H$82,'Hero Skills'!$A:$A,$C97,'Hero Skills'!$I:$I,"Stats-Based",'Hero Skills'!$P:$P,H$81),SUMIFS('Hero Skills'!$H:$H,'Hero Skills'!$F:$F,H$83,'Hero Skills'!$E:$E,H$82,'Hero Skills'!$D:$D,"Friend",'Hero Skills'!$C:$C,"All",'Hero Skills'!$A:$A,$C97,'Hero Skills'!$B:$B,"Skill 1",'Hero Skills'!$I:$I,"Stats-Based",'Hero Skills'!$P:$P,H$81)) -> 0 | I97: =IF($B97="Lead",SUMIFS('Hero Skills'!$H:$H,'Hero Skills'!$F:$F,I$83,'Hero Skills'!$E:$E,I$82,'Hero Skills'!$D:$D,"Friend",'Hero Skills'!$C:$C,"All",'Hero Skills'!$A:$A,$C97,'Hero Skills'!$I:$I,"Stats-Based",'Hero Skills'!$P:$P,I$81)+SUMIFS('Hero Skills'!$H:$H,'Hero Skills'!$C:$C,$F$1,'Hero Skills'!$F:$F,I$83,'Hero Skills'!$E:$E,I$82,'Hero Skills'!$A:$A,$C97,'Hero Skills'!$I:$I,"Stats-Based",'Hero Skills'!$P:$P,I$81),SUMIFS('Hero Skills'!$H:$H,'Hero Skills'!$F:$F,I$83,'Hero Skills'!$E:$E,I$82,'Hero Skills'!$D:$D,"Friend",'Hero Skills'!$C:$C,"All",'Hero Skills'!$A:$A,$C97,'Hero Skills'!$B:$B,"Skill 1",'Hero Skills'!$I:$I,"Stats-Based",'Hero Skills'!$P:$P,I$81)) -> 0 | J97: =IF($B97="Lead",SUMIFS('Hero Skills'!$H:$H,'Hero Skills'!$F:$F,J$83,'Hero Skills'!$E:$E,J$82,'Hero Skills'!$D:$D,"Friend",'Hero Skills'!$C:$C,"All",'Hero Skills'!$A:$A,$C97,'Hero Skills'!$I:$I,"Stats-Based",'Hero Skills'!$P:$P,J$81)+SUMIFS('Hero Skills'!$H:$H,'Hero Skills'!$C:$C,$F$1,'Hero Skills'!$F:$F,J$83,'Hero Skills'!$E:$E,J$82,'Hero Skills'!$A:$A,$C97,'Hero Skills'!$I:$I,"Stats-Based",'Hero Skills'!$P:$P,J$81),SUMIFS('Hero Skills'!$H:$H,'Hero Skills'!$F:$F,J$83,'Hero Skills'!$E:$E,J$82,'Hero Skills'!$D:$D,"Friend",'Hero Skills'!$C:$C,"All",'Hero Skills'!$A:$A,$C97,'Hero Skills'!$B:$B,"Skill 1",'Hero Skills'!$I:$I,"Stats-Based",'Hero Skills'!$P:$P,J$81)) -> 0 | K97: =IF($B97="Lead",SUMIFS('Hero Skills'!$H:$H,'Hero Skills'!$F:$F,K$83,'Hero Skills'!$E:$E,K$82,'Hero Skills'!$D:$D,"Friend",'Hero Skills'!$C:$C,"All",'Hero Skills'!$A:$A,$C97,'Hero Skills'!$I:$I,"Stats-Based",'Hero Skills'!$P:$P,K$81)+SUMIFS('Hero Skills'!$H:$H,'Hero Skills'!$C:$C,$F$1,'Hero Skills'!$F:$F,K$83,'Hero Skills'!$E:$E,K$82,'Hero Skills'!$A:$A,$C97,'Hero Skills'!$I:$I,"Stats-Based",'Hero Skills'!$P:$P,K$81),SUMIFS('Hero Skills'!$H:$H,'Hero Skills'!$F:$F,K$83,'Hero Skills'!$E:$E,K$82,'Hero Skills'!$D:$D,"Friend",'Hero Skills'!$C:$C,"All",'Hero Skills'!$A:$A,$C97,'Hero Skills'!$B:$B,"Skill 1",'Hero Skills'!$I:$I,"Stats-Based",'Hero Skills'!$P:$P,K$81)) -> 0 | ... AG97: =IF($B97="Lead",SUMIFS('Hero Skills'!$H:$H,'Hero Skills'!$F:$F,AG$83,'Hero Skills'!$E:$E,AG$82,'Hero Skills'!$D:$D,"Friend",'Hero Skills'!$C:$C,"All",'Hero Skills'!$A:$A,$C97,'Hero Skills'!$I:$I,"Stats-Based",'Hero Skills'!$P:$P,AG$81)+SUMIFS('Hero Skills'!$H:$H,'Hero Skills'!$C:$C,$F$1,'Hero Skills'!$F:$F,AG$83,'Hero Skills'!$E:$E,AG$82,'Hero Skills'!$A:$A,$C97,'Hero Skills'!$I:$I,"Stats-Based",'Hero Skills'!$P:$P,AG$81),SUMIFS('Hero Skills'!$H:$H,'Hero Skills'!$F:$F,AG$83,'Hero Skills'!$E:$E,AG$82,'Hero Skills'!$D:$D,"Friend",'Hero Skills'!$C:$C,"All",'Hero Skills'!$A:$A,$C97,'Hero Skills'!$B:$B,"Skill 1",'Hero Skills'!$I:$I,"Stats-Based",'Hero Skills'!$P:$P,AG$81)) -> 0 | AH97: =IF($B97="Lead",SUMIFS('Hero Skills'!$H:$H,'Hero Skills'!$F:$F,AH$83,'Hero Skills'!$E:$E,AH$82,'Hero Skills'!$D:$D,"Foe",'Hero Skills'!$C:$C,"All",'Hero Skills'!$A:$A,$C97,'Hero Skills'!$I:$I,"Stats-Based",'Hero Skills'!$P:$P,AH$81),SUMIFS('Hero Skills'!$H:$H,'Hero Skills'!$F:$F,AH$83,'Hero Skills'!$E:$E,AH$82,'Hero Skills'!$D:$D,"Foe",'Hero Skills'!$C:$C,"All",'Hero Skills'!$A:$A,$C97,'Hero Skills'!$B:$B,"Skill 1",'Hero Skills'!$I:$I,"Stats-Based",'Hero Skills'!$P:$P,AH$81)) -> -0.25 | AI97: =IF($B97="Lead",SUMIFS('Hero Skills'!$H:$H,'Hero Skills'!$F:$F,AI$83,'Hero Skills'!$E:$E,AI$82,'Hero Skills'!$D:$D,"Foe",'Hero Skills'!$C:$C,"All",'Hero Skills'!$A:$A,$C97,'Hero Skills'!$I:$I,"Stats-Based",'Hero Skills'!$P:$P,AI$81),SUMIFS('Hero Skills'!$H:$H,'Hero Skills'!$F:$F,AI$83,'Hero Skills'!$E:$E,AI$82,'Hero Skills'!$D:$D,"Foe",'Hero Skills'!$C:$C,"All",'Hero Skills'!$A:$A,$C97,'Hero Skills'!$B:$B,"Skill 1",'Hero Skills'!$I:$I,"Stats-Based",'Hero Skills'!$P:$P,AI$81)) -> 0 | AJ97: =IF($B97="Lead",SUMIFS('Hero Skills'!$H:$H,'Hero Skills'!$F:$F,AJ$83,'Hero Skills'!$E:$E,AJ$82,'Hero Skills'!$D:$D,"Foe",'Hero Skills'!$C:$C,"All",'Hero Skills'!$A:$A,$C97,'Hero Skills'!$I:$I,"Stats-Based",'Hero Skills'!$P:$P,AJ$81),SUMIFS('Hero Skills'!$H:$H,'Hero Skills'!$F:$F,AJ$83,'Hero Skills'!$E:$E,AJ$82,'Hero Skills'!$D:$D,"Foe",'Hero Skills'!$C:$C,"All",'Hero Skills'!$A:$A,$C97,'Hero Skills'!$B:$B,"Skill 1",'Hero Skills'!$I:$I,"Stats-Based",'Hero Skills'!$P:$P,AJ$81)) -> 0 | AK97: =IF($B97="Lead",SUMIFS('Hero Skills'!$H:$H,'Hero Skills'!$F:$F,AK$83,'Hero Skills'!$E:$E,AK$82,'Hero Skills'!$D:$D,"Foe",'Hero Skills'!$C:$C,"All",'Hero Skills'!$A:$A,$C97,'Hero Skills'!$I:$I,"Stats-Based",'Hero Skills'!$P:$P,AK$81),SUMIFS('Hero Skills'!$H:$H,'Hero Skills'!$F:$F,AK$83,'Hero Skills'!$E:$E,AK$82,'Hero Skills'!$D:$D,"Foe",'Hero Skills'!$C:$C,"All",'Hero Skills'!$A:$A,$C97,'Hero Skills'!$B:$B,"Skill 1",'Hero Skills'!$I:$I,"Stats-Based",'Hero Skills'!$P:$P,AK$81)) -> 0 | AL97: =IF($B97="Lead",SUMIFS('Hero Skills'!$H:$H,'Hero Skills'!$F:$F,AL$83,'Hero Skills'!$E:$E,AL$82,'Hero Skills'!$D:$D,"Foe",'Hero Skills'!$C:$C,"All",'Hero Skills'!$A:$A,$C97,'Hero Skills'!$I:$I,"Stats-Based",'Hero Skills'!$P:$P,AL$81),SUMIFS('Hero Skills'!$H:$H,'Hero Skills'!$F:$F,AL$83,'Hero Skills'!$E:$E,AL$82,'Hero Skills'!$D:$D,"Foe",'Hero Skills'!$C:$C,"All",'Hero Skills'!$A:$A,$C97,'Hero Skills'!$B:$B,"Skill 1",'Hero Skills'!$I:$I,"Stats-Based",'Hero Skills'!$P:$P,AL$81)) -> 0 | AM97: =IF($B97="Lead",SUMIFS('Hero Skills'!$H:$H,'Hero Skills'!$F:$F,AM$83,'Hero Skills'!$E:$E,AM$82,'Hero Skills'!$D:$D,"Foe",'Hero Skills'!$C:$C,"All",'Hero Skills'!$A:$A,$C97,'Hero Skills'!$I:$I,"Stats-Based",'Hero Skills'!$P:$P,AM$81),SUMIFS('Hero Skills'!$H:$H,'Hero Skills'!$F:$F,AM$83,'Hero Skills'!$E:$E,AM$82,'Hero Skills'!$D:$D,"Foe",'Hero Skills'!$C:$C,"All",'Hero Skills'!$A:$A,$C97,'Hero Skills'!$B:$B,"Skill 1",'Hero Skills'!$I:$I,"Stats-Based",'Hero Skills'!$P:$P,AM$81)) -> 0 | AN97: =IF($B97="Lead",SUMIFS('Hero Skills'!$H:$H,'Hero Skills'!$F:$F,AN$83,'Hero Skills'!$E:$E,AN$82,'Hero Skills'!$D:$D,"Foe",'Hero Skills'!$C:$C,"All",'Hero Skills'!$A:$A,$C97,'Hero Skills'!$I:$I,"Stats-Based",'Hero Skills'!$P:$P,AN$81),SUMIFS('Hero Skills'!$H:$H,'Hero Skills'!$F:$F,AN$83,'Hero Skills'!$E:$E,AN$82,'Hero Skills'!$D:$D,"Foe",'Hero Skills'!$C:$C,"All",'Hero Skills'!$A:$A,$C97,'Hero Skills'!$B:$B,"Skill 1",'Hero Skills'!$I:$I,"Stats-Based",'Hero Skills'!$P:$P,AN$81)) -> 0 | AO97: =IF($B97="Lead",SUMIFS('Hero Skills'!$H:$H,'Hero Skills'!$F:$F,AO$83,'Hero Skills'!$E:$E,AO$82,'Hero Skills'!$D:$D,"Foe",'Hero Skills'!$C:$C,"All",'Hero Skills'!$A:$A,$C97,'Hero Skills'!$I:$I,"Stats-Based",'Hero Skills'!$P:$P,AO$81),SUMIFS('Hero Skills'!$H:$H,'Hero Skills'!$F:$F,AO$83,'Hero Skills'!$E:$E,AO$82,'Hero Skills'!$D:$D,"Foe",'Hero Skills'!$C:$C,"All",'Hero Skills'!$A:$A,$C97,'Hero Skills'!$B:$B,"Skill 1",'Hero Skills'!$I:$I,"Stats-Based",'Hero Skills'!$P:$P,AO$81)) -> 0 | ... BK97: =IF($B97="Lead",SUMIFS('Hero Skills'!$H:$H,'Hero Skills'!$F:$F,BK$83,'Hero Skills'!$E:$E,BK$82,'Hero Skills'!$D:$D,"Foe",'Hero Skills'!$C:$C,"All",'Hero Skills'!$A:$A,$C97,'Hero Skills'!$I:$I,"Stats-Based",'Hero Skills'!$P:$P,BK$81),SUMIFS('Hero Skills'!$H:$H,'Hero Skills'!$F:$F,BK$83,'Hero Skills'!$E:$E,BK$82,'Hero Skills'!$D:$D,"Foe",'Hero Skills'!$C:$C,"All",'Hero Skills'!$A:$A,$C97,'Hero Skills'!$B:$B,"Skill 1",'Hero Skills'!$I:$I,"Stats-Based",'Hero Skills'!$P:$P,BK$81)) -> 0
B98: Lead | C98: =I20 -> Dominic | D98: =IF($B98="Lead",SUMIFS('Hero Skills'!$H:$H,'Hero Skills'!$F:$F,D$83,'Hero Skills'!$E:$E,D$82,'Hero Skills'!$D:$D,"Friend",'Hero Skills'!$C:$C,"All",'Hero Skills'!$A:$A,$C98,'Hero Skills'!$I:$I,"Stats-Based",'Hero Skills'!$P:$P,D$81)+SUMIFS('Hero Skills'!$H:$H,'Hero Skills'!$C:$C,$F$1,'Hero Skills'!$F:$F,D$83,'Hero Skills'!$E:$E,D$82,'Hero Skills'!$A:$A,$C98,'Hero Skills'!$I:$I,"Stats-Based",'Hero Skills'!$P:$P,D$81),SUMIFS('Hero Skills'!$H:$H,'Hero Skills'!$F:$F,D$83,'Hero Skills'!$E:$E,D$82,'Hero Skills'!$D:$D,"Friend",'Hero Skills'!$C:$C,"All",'Hero Skills'!$A:$A,$C98,'Hero Skills'!$B:$B,"Skill 1",'Hero Skills'!$I:$I,"Stats-Based",'Hero Skills'!$P:$P,D$81)) -> 0 | E98: =IF($B98="Lead",SUMIFS('Hero Skills'!$H:$H,'Hero Skills'!$F:$F,E$83,'Hero Skills'!$E:$E,E$82,'Hero Skills'!$D:$D,"Friend",'Hero Skills'!$C:$C,"All",'Hero Skills'!$A:$A,$C98,'Hero Skills'!$I:$I,"Stats-Based",'Hero Skills'!$P:$P,E$81)+SUMIFS('Hero Skills'!$H:$H,'Hero Skills'!$C:$C,$F$1,'Hero Skills'!$F:$F,E$83,'Hero Skills'!$E:$E,E$82,'Hero Skills'!$A:$A,$C98,'Hero Skills'!$I:$I,"Stats-Based",'Hero Skills'!$P:$P,E$81),SUMIFS('Hero Skills'!$H:$H,'Hero Skills'!$F:$F,E$83,'Hero Skills'!$E:$E,E$82,'Hero Skills'!$D:$D,"Friend",'Hero Skills'!$C:$C,"All",'Hero Skills'!$A:$A,$C98,'Hero Skills'!$B:$B,"Skill 1",'Hero Skills'!$I:$I,"Stats-Based",'Hero Skills'!$P:$P,E$81)) -> 0 | F98: =IF($B98="Lead",SUMIFS('Hero Skills'!$H:$H,'Hero Skills'!$F:$F,F$83,'Hero Skills'!$E:$E,F$82,'Hero Skills'!$D:$D,"Friend",'Hero Skills'!$C:$C,"All",'Hero Skills'!$A:$A,$C98,'Hero Skills'!$I:$I,"Stats-Based",'Hero Skills'!$P:$P,F$81)+SUMIFS('Hero Skills'!$H:$H,'Hero Skills'!$C:$C,$F$1,'Hero Skills'!$F:$F,F$83,'Hero Skills'!$E:$E,F$82,'Hero Skills'!$A:$A,$C98,'Hero Skills'!$I:$I,"Stats-Based",'Hero Skills'!$P:$P,F$81),SUMIFS('Hero Skills'!$H:$H,'Hero Skills'!$F:$F,F$83,'Hero Skills'!$E:$E,F$82,'Hero Skills'!$D:$D,"Friend",'Hero Skills'!$C:$C,"All",'Hero Skills'!$A:$A,$C98,'Hero Skills'!$B:$B,"Skill 1",'Hero Skills'!$I:$I,"Stats-Based",'Hero Skills'!$P:$P,F$81)) -> 0 | G98: =IF($B98="Lead",SUMIFS('Hero Skills'!$H:$H,'Hero Skills'!$F:$F,G$83,'Hero Skills'!$E:$E,G$82,'Hero Skills'!$D:$D,"Friend",'Hero Skills'!$C:$C,"All",'Hero Skills'!$A:$A,$C98,'Hero Skills'!$I:$I,"Stats-Based",'Hero Skills'!$P:$P,G$81)+SUMIFS('Hero Skills'!$H:$H,'Hero Skills'!$C:$C,$F$1,'Hero Skills'!$F:$F,G$83,'Hero Skills'!$E:$E,G$82,'Hero Skills'!$A:$A,$C98,'Hero Skills'!$I:$I,"Stats-Based",'Hero Skills'!$P:$P,G$81),SUMIFS('Hero Skills'!$H:$H,'Hero Skills'!$F:$F,G$83,'Hero Skills'!$E:$E,G$82,'Hero Skills'!$D:$D,"Friend",'Hero Skills'!$C:$C,"All",'Hero Skills'!$A:$A,$C98,'Hero Skills'!$B:$B,"Skill 1",'Hero Skills'!$I:$I,"Stats-Based",'Hero Skills'!$P:$P,G$81)) -> 0 | H98: =IF($B98="Lead",SUMIFS('Hero Skills'!$H:$H,'Hero Skills'!$F:$F,H$83,'Hero Skills'!$E:$E,H$82,'Hero Skills'!$D:$D,"Friend",'Hero Skills'!$C:$C,"All",'Hero Skills'!$A:$A,$C98,'Hero Skills'!$I:$I,"Stats-Based",'Hero Skills'!$P:$P,H$81)+SUMIFS('Hero Skills'!$H:$H,'Hero Skills'!$C:$C,$F$1,'Hero Skills'!$F:$F,H$83,'Hero Skills'!$E:$E,H$82,'Hero Skills'!$A:$A,$C98,'Hero Skills'!$I:$I,"Stats-Based",'Hero Skills'!$P:$P,H$81),SUMIFS('Hero Skills'!$H:$H,'Hero Skills'!$F:$F,H$83,'Hero Skills'!$E:$E,H$82,'Hero Skills'!$D:$D,"Friend",'Hero Skills'!$C:$C,"All",'Hero Skills'!$A:$A,$C98,'Hero Skills'!$B:$B,"Skill 1",'Hero Skills'!$I:$I,"Stats-Based",'Hero Skills'!$P:$P,H$81)) -> 0 | I98: =IF($B98="Lead",SUMIFS('Hero Skills'!$H:$H,'Hero Skills'!$F:$F,I$83,'Hero Skills'!$E:$E,I$82,'Hero Skills'!$D:$D,"Friend",'Hero Skills'!$C:$C,"All",'Hero Skills'!$A:$A,$C98,'Hero Skills'!$I:$I,"Stats-Based",'Hero Skills'!$P:$P,I$81)+SUMIFS('Hero Skills'!$H:$H,'Hero Skills'!$C:$C,$F$1,'Hero Skills'!$F:$F,I$83,'Hero Skills'!$E:$E,I$82,'Hero Skills'!$A:$A,$C98,'Hero Skills'!$I:$I,"Stats-Based",'Hero Skills'!$P:$P,I$81),SUMIFS('Hero Skills'!$H:$H,'Hero Skills'!$F:$F,I$83,'Hero Skills'!$E:$E,I$82,'Hero Skills'!$D:$D,"Friend",'Hero Skills'!$C:$C,"All",'Hero Skills'!$A:$A,$C98,'Hero Skills'!$B:$B,"Skill 1",'Hero Skills'!$I:$I,"Stats-Based",'Hero Skills'!$P:$P,I$81)) -> 0.35 | J98: =IF($B98="Lead",SUMIFS('Hero Skills'!$H:$H,'Hero Skills'!$F:$F,J$83,'Hero Skills'!$E:$E,J$82,'Hero Skills'!$D:$D,"Friend",'Hero Skills'!$C:$C,"All",'Hero Skills'!$A:$A,$C98,'Hero Skills'!$I:$I,"Stats-Based",'Hero Skills'!$P:$P,J$81)+SUMIFS('Hero Skills'!$H:$H,'Hero Skills'!$C:$C,$F$1,'Hero Skills'!$F:$F,J$83,'Hero Skills'!$E:$E,J$82,'Hero Skills'!$A:$A,$C98,'Hero Skills'!$I:$I,"Stats-Based",'Hero Skills'!$P:$P,J$81),SUMIFS('Hero Skills'!$H:$H,'Hero Skills'!$F:$F,J$83,'Hero Skills'!$E:$E,J$82,'Hero Skills'!$D:$D,"Friend",'Hero Skills'!$C:$C,"All",'Hero Skills'!$A:$A,$C98,'Hero Skills'!$B:$B,"Skill 1",'Hero Skills'!$I:$I,"Stats-Based",'Hero Skills'!$P:$P,J$81)) -> 0 | K98: =IF($B98="Lead",SUMIFS('Hero Skills'!$H:$H,'Hero Skills'!$F:$F,K$83,'Hero Skills'!$E:$E,K$82,'Hero Skills'!$D:$D,"Friend",'Hero Skills'!$C:$C,"All",'Hero Skills'!$A:$A,$C98,'Hero Skills'!$I:$I,"Stats-Based",'Hero Skills'!$P:$P,K$81)+SUMIFS('Hero Skills'!$H:$H,'Hero Skills'!$C:$C,$F$1,'Hero Skills'!$F:$F,K$83,'Hero Skills'!$E:$E,K$82,'Hero Skills'!$A:$A,$C98,'Hero Skills'!$I:$I,"Stats-Based",'Hero Skills'!$P:$P,K$81),SUMIFS('Hero Skills'!$H:$H,'Hero Skills'!$F:$F,K$83,'Hero Skills'!$E:$E,K$82,'Hero Skills'!$D:$D,"Friend",'Hero Skills'!$C:$C,"All",'Hero Skills'!$A:$A,$C98,'Hero Skills'!$B:$B,"Skill 1",'Hero Skills'!$I:$I,"Stats-Based",'Hero Skills'!$P:$P,K$81)) -> -0.15 | ... AG98: =IF($B98="Lead",SUMIFS('Hero Skills'!$H:$H,'Hero Skills'!$F:$F,AG$83,'Hero Skills'!$E:$E,AG$82,'Hero Skills'!$D:$D,"Friend",'Hero Skills'!$C:$C,"All",'Hero Skills'!$A:$A,$C98,'Hero Skills'!$I:$I,"Stats-Based",'Hero Skills'!$P:$P,AG$81)+SUMIFS('Hero Skills'!$H:$H,'Hero Skills'!$C:$C,$F$1,'Hero Skills'!$F:$F,AG$83,'Hero Skills'!$E:$E,AG$82,'Hero Skills'!$A:$A,$C98,'Hero Skills'!$I:$I,"Stats-Based",'Hero Skills'!$P:$P,AG$81),SUMIFS('Hero Skills'!$H:$H,'Hero Skills'!$F:$F,AG$83,'Hero Skills'!$E:$E,AG$82,'Hero Skills'!$D:$D,"Friend",'Hero Skills'!$C:$C,"All",'Hero Skills'!$A:$A,$C98,'Hero Skills'!$B:$B,"Skill 1",'Hero Skills'!$I:$I,"Stats-Based",'Hero Skills'!$P:$P,AG$81)) -> 0 | AH98: =IF($B98="Lead",SUMIFS('Hero Skills'!$H:$H,'Hero Skills'!$F:$F,AH$83,'Hero Skills'!$E:$E,AH$82,'Hero Skills'!$D:$D,"Foe",'Hero Skills'!$C:$C,"All",'Hero Skills'!$A:$A,$C98,'Hero Skills'!$I:$I,"Stats-Based",'Hero Skills'!$P:$P,AH$81),SUMIFS('Hero Skills'!$H:$H,'Hero Skills'!$F:$F,AH$83,'Hero Skills'!$E:$E,AH$82,'Hero Skills'!$D:$D,"Foe",'Hero Skills'!$C:$C,"All",'Hero Skills'!$A:$A,$C98,'Hero Skills'!$B:$B,"Skill 1",'Hero Skills'!$I:$I,"Stats-Based",'Hero Skills'!$P:$P,AH$81)) -> 0 | AI98: =IF($B98="Lead",SUMIFS('Hero Skills'!$H:$H,'Hero Skills'!$F:$F,AI$83,'Hero Skills'!$E:$E,AI$82,'Hero Skills'!$D:$D,"Foe",'Hero Skills'!$C:$C,"All",'Hero Skills'!$A:$A,$C98,'Hero Skills'!$I:$I,"Stats-Based",'Hero Skills'!$P:$P,AI$81),SUMIFS('Hero Skills'!$H:$H,'Hero Skills'!$F:$F,AI$83,'Hero Skills'!$E:$E,AI$82,'Hero Skills'!$D:$D,"Foe",'Hero Skills'!$C:$C,"All",'Hero Skills'!$A:$A,$C98,'Hero Skills'!$B:$B,"Skill 1",'Hero Skills'!$I:$I,"Stats-Based",'Hero Skills'!$P:$P,AI$81)) -> 0 | AJ98: =IF($B98="Lead",SUMIFS('Hero Skills'!$H:$H,'Hero Skills'!$F:$F,AJ$83,'Hero Skills'!$E:$E,AJ$82,'Hero Skills'!$D:$D,"Foe",'Hero Skills'!$C:$C,"All",'Hero Skills'!$A:$A,$C98,'Hero Skills'!$I:$I,"Stats-Based",'Hero Skills'!$P:$P,AJ$81),SUMIFS('Hero Skills'!$H:$H,'Hero Skills'!$F:$F,AJ$83,'Hero Skills'!$E:$E,AJ$82,'Hero Skills'!$D:$D,"Foe",'Hero Skills'!$C:$C,"All",'Hero Skills'!$A:$A,$C98,'Hero Skills'!$B:$B,"Skill 1",'Hero Skills'!$I:$I,"Stats-Based",'Hero Skills'!$P:$P,AJ$81)) -> 0 | AK98: =IF($B98="Lead",SUMIFS('Hero Skills'!$H:$H,'Hero Skills'!$F:$F,AK$83,'Hero Skills'!$E:$E,AK$82,'Hero Skills'!$D:$D,"Foe",'Hero Skills'!$C:$C,"All",'Hero Skills'!$A:$A,$C98,'Hero Skills'!$I:$I,"Stats-Based",'Hero Skills'!$P:$P,AK$81),SUMIFS('Hero Skills'!$H:$H,'Hero Skills'!$F:$F,AK$83,'Hero Skills'!$E:$E,AK$82,'Hero Skills'!$D:$D,"Foe",'Hero Skills'!$C:$C,"All",'Hero Skills'!$A:$A,$C98,'Hero Skills'!$B:$B,"Skill 1",'Hero Skills'!$I:$I,"Stats-Based",'Hero Skills'!$P:$P,AK$81)) -> 0 | AL98: =IF($B98="Lead",SUMIFS('Hero Skills'!$H:$H,'Hero Skills'!$F:$F,AL$83,'Hero Skills'!$E:$E,AL$82,'Hero Skills'!$D:$D,"Foe",'Hero Skills'!$C:$C,"All",'Hero Skills'!$A:$A,$C98,'Hero Skills'!$I:$I,"Stats-Based",'Hero Skills'!$P:$P,AL$81),SUMIFS('Hero Skills'!$H:$H,'Hero Skills'!$F:$F,AL$83,'Hero Skills'!$E:$E,AL$82,'Hero Skills'!$D:$D,"Foe",'Hero Skills'!$C:$C,"All",'Hero Skills'!$A:$A,$C98,'Hero Skills'!$B:$B,"Skill 1",'Hero Skills'!$I:$I,"Stats-Based",'Hero Skills'!$P:$P,AL$81)) -> 0 | AM98: =IF($B98="Lead",SUMIFS('Hero Skills'!$H:$H,'Hero Skills'!$F:$F,AM$83,'Hero Skills'!$E:$E,AM$82,'Hero Skills'!$D:$D,"Foe",'Hero Skills'!$C:$C,"All",'Hero Skills'!$A:$A,$C98,'Hero Skills'!$I:$I,"Stats-Based",'Hero Skills'!$P:$P,AM$81),SUMIFS('Hero Skills'!$H:$H,'Hero Skills'!$F:$F,AM$83,'Hero Skills'!$E:$E,AM$82,'Hero Skills'!$D:$D,"Foe",'Hero Skills'!$C:$C,"All",'Hero Skills'!$A:$A,$C98,'Hero Skills'!$B:$B,"Skill 1",'Hero Skills'!$I:$I,"Stats-Based",'Hero Skills'!$P:$P,AM$81)) -> 0 | AN98: =IF($B98="Lead",SUMIFS('Hero Skills'!$H:$H,'Hero Skills'!$F:$F,AN$83,'Hero Skills'!$E:$E,AN$82,'Hero Skills'!$D:$D,"Foe",'Hero Skills'!$C:$C,"All",'Hero Skills'!$A:$A,$C98,'Hero Skills'!$I:$I,"Stats-Based",'Hero Skills'!$P:$P,AN$81),SUMIFS('Hero Skills'!$H:$H,'Hero Skills'!$F:$F,AN$83,'Hero Skills'!$E:$E,AN$82,'Hero Skills'!$D:$D,"Foe",'Hero Skills'!$C:$C,"All",'Hero Skills'!$A:$A,$C98,'Hero Skills'!$B:$B,"Skill 1",'Hero Skills'!$I:$I,"Stats-Based",'Hero Skills'!$P:$P,AN$81)) -> 0 | AO98: =IF($B98="Lead",SUMIFS('Hero Skills'!$H:$H,'Hero Skills'!$F:$F,AO$83,'Hero Skills'!$E:$E,AO$82,'Hero Skills'!$D:$D,"Foe",'Hero Skills'!$C:$C,"All",'Hero Skills'!$A:$A,$C98,'Hero Skills'!$I:$I,"Stats-Based",'Hero Skills'!$P:$P,AO$81),SUMIFS('Hero Skills'!$H:$H,'Hero Skills'!$F:$F,AO$83,'Hero Skills'!$E:$E,AO$82,'Hero Skills'!$D:$D,"Foe",'Hero Skills'!$C:$C,"All",'Hero Skills'!$A:$A,$C98,'Hero Skills'!$B:$B,"Skill 1",'Hero Skills'!$I:$I,"Stats-Based",'Hero Skills'!$P:$P,AO$81)) -> 0 | ... BK98: =IF($B98="Lead",SUMIFS('Hero Skills'!$H:$H,'Hero Skills'!$F:$F,BK$83,'Hero Skills'!$E:$E,BK$82,'Hero Skills'!$D:$D,"Foe",'Hero Skills'!$C:$C,"All",'Hero Skills'!$A:$A,$C98,'Hero Skills'!$I:$I,"Stats-Based",'Hero Skills'!$P:$P,BK$81),SUMIFS('Hero Skills'!$H:$H,'Hero Skills'!$F:$F,BK$83,'Hero Skills'!$E:$E,BK$82,'Hero Skills'!$D:$D,"Foe",'Hero Skills'!$C:$C,"All",'Hero Skills'!$A:$A,$C98,'Hero Skills'!$B:$B,"Skill 1",'Hero Skills'!$I:$I,"Stats-Based",'Hero Skills'!$P:$P,BK$81)) -> 0
B99: Lead | C99: =I21 -> Vulcanus | D99: =IF($B99="Lead",SUMIFS('Hero Skills'!$H:$H,'Hero Skills'!$F:$F,D$83,'Hero Skills'!$E:$E,D$82,'Hero Skills'!$D:$D,"Friend",'Hero Skills'!$C:$C,"All",'Hero Skills'!$A:$A,$C99,'Hero Skills'!$I:$I,"Stats-Based",'Hero Skills'!$P:$P,D$81)+SUMIFS('Hero Skills'!$H:$H,'Hero Skills'!$C:$C,$F$1,'Hero Skills'!$F:$F,D$83,'Hero Skills'!$E:$E,D$82,'Hero Skills'!$A:$A,$C99,'Hero Skills'!$I:$I,"Stats-Based",'Hero Skills'!$P:$P,D$81),SUMIFS('Hero Skills'!$H:$H,'Hero Skills'!$F:$F,D$83,'Hero Skills'!$E:$E,D$82,'Hero Skills'!$D:$D,"Friend",'Hero Skills'!$C:$C,"All",'Hero Skills'!$A:$A,$C99,'Hero Skills'!$B:$B,"Skill 1",'Hero Skills'!$I:$I,"Stats-Based",'Hero Skills'!$P:$P,D$81)) -> 0 | E99: =IF($B99="Lead",SUMIFS('Hero Skills'!$H:$H,'Hero Skills'!$F:$F,E$83,'Hero Skills'!$E:$E,E$82,'Hero Skills'!$D:$D,"Friend",'Hero Skills'!$C:$C,"All",'Hero Skills'!$A:$A,$C99,'Hero Skills'!$I:$I,"Stats-Based",'Hero Skills'!$P:$P,E$81)+SUMIFS('Hero Skills'!$H:$H,'Hero Skills'!$C:$C,$F$1,'Hero Skills'!$F:$F,E$83,'Hero Skills'!$E:$E,E$82,'Hero Skills'!$A:$A,$C99,'Hero Skills'!$I:$I,"Stats-Based",'Hero Skills'!$P:$P,E$81),SUMIFS('Hero Skills'!$H:$H,'Hero Skills'!$F:$F,E$83,'Hero Skills'!$E:$E,E$82,'Hero Skills'!$D:$D,"Friend",'Hero Skills'!$C:$C,"All",'Hero Skills'!$A:$A,$C99,'Hero Skills'!$B:$B,"Skill 1",'Hero Skills'!$I:$I,"Stats-Based",'Hero Skills'!$P:$P,E$81)) -> 0 | F99: =IF($B99="Lead",SUMIFS('Hero Skills'!$H:$H,'Hero Skills'!$F:$F,F$83,'Hero Skills'!$E:$E,F$82,'Hero Skills'!$D:$D,"Friend",'Hero Skills'!$C:$C,"All",'Hero Skills'!$A:$A,$C99,'Hero Skills'!$I:$I,"Stats-Based",'Hero Skills'!$P:$P,F$81)+SUMIFS('Hero Skills'!$H:$H,'Hero Skills'!$C:$C,$F$1,'Hero Skills'!$F:$F,F$83,'Hero Skills'!$E:$E,F$82,'Hero Skills'!$A:$A,$C99,'Hero Skills'!$I:$I,"Stats-Based",'Hero Skills'!$P:$P,F$81),SUMIFS('Hero Skills'!$H:$H,'Hero Skills'!$F:$F,F$83,'Hero Skills'!$E:$E,F$82,'Hero Skills'!$D:$D,"Friend",'Hero Skills'!$C:$C,"All",'Hero Skills'!$A:$A,$C99,'Hero Skills'!$B:$B,"Skill 1",'Hero Skills'!$I:$I,"Stats-Based",'Hero Skills'!$P:$P,F$81)) -> 0 | G99: =IF($B99="Lead",SUMIFS('Hero Skills'!$H:$H,'Hero Skills'!$F:$F,G$83,'Hero Skills'!$E:$E,G$82,'Hero Skills'!$D:$D,"Friend",'Hero Skills'!$C:$C,"All",'Hero Skills'!$A:$A,$C99,'Hero Skills'!$I:$I,"Stats-Based",'Hero Skills'!$P:$P,G$81)+SUMIFS('Hero Skills'!$H:$H,'Hero Skills'!$C:$C,$F$1,'Hero Skills'!$F:$F,G$83,'Hero Skills'!$E:$E,G$82,'Hero Skills'!$A:$A,$C99,'Hero Skills'!$I:$I,"Stats-Based",'Hero Skills'!$P:$P,G$81),SUMIFS('Hero Skills'!$H:$H,'Hero Skills'!$F:$F,G$83,'Hero Skills'!$E:$E,G$82,'Hero Skills'!$D:$D,"Friend",'Hero Skills'!$C:$C,"All",'Hero Skills'!$A:$A,$C99,'Hero Skills'!$B:$B,"Skill 1",'Hero Skills'!$I:$I,"Stats-Based",'Hero Skills'!$P:$P,G$81)) -> 0 | H99: =IF($B99="Lead",SUMIFS('Hero Skills'!$H:$H,'Hero Skills'!$F:$F,H$83,'Hero Skills'!$E:$E,H$82,'Hero Skills'!$D:$D,"Friend",'Hero Skills'!$C:$C,"All",'Hero Skills'!$A:$A,$C99,'Hero Skills'!$I:$I,"Stats-Based",'Hero Skills'!$P:$P,H$81)+SUMIFS('Hero Skills'!$H:$H,'Hero Skills'!$C:$C,$F$1,'Hero Skills'!$F:$F,H$83,'Hero Skills'!$E:$E,H$82,'Hero Skills'!$A:$A,$C99,'Hero Skills'!$I:$I,"Stats-Based",'Hero Skills'!$P:$P,H$81),SUMIFS('Hero Skills'!$H:$H,'Hero Skills'!$F:$F,H$83,'Hero Skills'!$E:$E,H$82,'Hero Skills'!$D:$D,"Friend",'Hero Skills'!$C:$C,"All",'Hero Skills'!$A:$A,$C99,'Hero Skills'!$B:$B,"Skill 1",'Hero Skills'!$I:$I,"Stats-Based",'Hero Skills'!$P:$P,H$81)) -> 0 | I99: =IF($B99="Lead",SUMIFS('Hero Skills'!$H:$H,'Hero Skills'!$F:$F,I$83,'Hero Skills'!$E:$E,I$82,'Hero Skills'!$D:$D,"Friend",'Hero Skills'!$C:$C,"All",'Hero Skills'!$A:$A,$C99,'Hero Skills'!$I:$I,"Stats-Based",'Hero Skills'!$P:$P,I$81)+SUMIFS('Hero Skills'!$H:$H,'Hero Skills'!$C:$C,$F$1,'Hero Skills'!$F:$F,I$83,'Hero Skills'!$E:$E,I$82,'Hero Skills'!$A:$A,$C99,'Hero Skills'!$I:$I,"Stats-Based",'Hero Skills'!$P:$P,I$81),SUMIFS('Hero Skills'!$H:$H,'Hero Skills'!$F:$F,I$83,'Hero Skills'!$E:$E,I$82,'Hero Skills'!$D:$D,"Friend",'Hero Skills'!$C:$C,"All",'Hero Skills'!$A:$A,$C99,'Hero Skills'!$B:$B,"Skill 1",'Hero Skills'!$I:$I,"Stats-Based",'Hero Skills'!$P:$P,I$81)) -> 0 | J99: =IF($B99="Lead",SUMIFS('Hero Skills'!$H:$H,'Hero Skills'!$F:$F,J$83,'Hero Skills'!$E:$E,J$82,'Hero Skills'!$D:$D,"Friend",'Hero Skills'!$C:$C,"All",'Hero Skills'!$A:$A,$C99,'Hero Skills'!$I:$I,"Stats-Based",'Hero Skills'!$P:$P,J$81)+SUMIFS('Hero Skills'!$H:$H,'Hero Skills'!$C:$C,$F$1,'Hero Skills'!$F:$F,J$83,'Hero Skills'!$E:$E,J$82,'Hero Skills'!$A:$A,$C99,'Hero Skills'!$I:$I,"Stats-Based",'Hero Skills'!$P:$P,J$81),SUMIFS('Hero Skills'!$H:$H,'Hero Skills'!$F:$F,J$83,'Hero Skills'!$E:$E,J$82,'Hero Skills'!$D:$D,"Friend",'Hero Skills'!$C:$C,"All",'Hero Skills'!$A:$A,$C99,'Hero Skills'!$B:$B,"Skill 1",'Hero Skills'!$I:$I,"Stats-Based",'Hero Skills'!$P:$P,J$81)) -> 0 | K99: =IF($B99="Lead",SUMIFS('Hero Skills'!$H:$H,'Hero Skills'!$F:$F,K$83,'Hero Skills'!$E:$E,K$82,'Hero Skills'!$D:$D,"Friend",'Hero Skills'!$C:$C,"All",'Hero Skills'!$A:$A,$C99,'Hero Skills'!$I:$I,"Stats-Based",'Hero Skills'!$P:$P,K$81)+SUMIFS('Hero Skills'!$H:$H,'Hero Skills'!$C:$C,$F$1,'Hero Skills'!$F:$F,K$83,'Hero Skills'!$E:$E,K$82,'Hero Skills'!$A:$A,$C99,'Hero Skills'!$I:$I,"Stats-Based",'Hero Skills'!$P:$P,K$81),SUMIFS('Hero Skills'!$H:$H,'Hero Skills'!$F:$F,K$83,'Hero Skills'!$E:$E,K$82,'Hero Skills'!$D:$D,"Friend",'Hero Skills'!$C:$C,"All",'Hero Skills'!$A:$A,$C99,'Hero Skills'!$B:$B,"Skill 1",'Hero Skills'!$I:$I,"Stats-Based",'Hero Skills'!$P:$P,K$81)) -> 0 | ... AG99: =IF($B99="Lead",SUMIFS('Hero Skills'!$H:$H,'Hero Skills'!$F:$F,AG$83,'Hero Skills'!$E:$E,AG$82,'Hero Skills'!$D:$D,"Friend",'Hero Skills'!$C:$C,"All",'Hero Skills'!$A:$A,$C99,'Hero Skills'!$I:$I,"Stats-Based",'Hero Skills'!$P:$P,AG$81)+SUMIFS('Hero Skills'!$H:$H,'Hero Skills'!$C:$C,$F$1,'Hero Skills'!$F:$F,AG$83,'Hero Skills'!$E:$E,AG$82,'Hero Skills'!$A:$A,$C99,'Hero Skills'!$I:$I,"Stats-Based",'Hero Skills'!$P:$P,AG$81),SUMIFS('Hero Skills'!$H:$H,'Hero Skills'!$F:$F,AG$83,'Hero Skills'!$E:$E,AG$82,'Hero Skills'!$D:$D,"Friend",'Hero Skills'!$C:$C,"All",'Hero Skills'!$A:$A,$C99,'Hero Skills'!$B:$B,"Skill 1",'Hero Skills'!$I:$I,"Stats-Based",'Hero Skills'!$P:$P,AG$81)) -> 0 | AH99: =IF($B99="Lead",SUMIFS('Hero Skills'!$H:$H,'Hero Skills'!$F:$F,AH$83,'Hero Skills'!$E:$E,AH$82,'Hero Skills'!$D:$D,"Foe",'Hero Skills'!$C:$C,"All",'Hero Skills'!$A:$A,$C99,'Hero Skills'!$I:$I,"Stats-Based",'Hero Skills'!$P:$P,AH$81),SUMIFS('Hero Skills'!$H:$H,'Hero Skills'!$F:$F,AH$83,'Hero Skills'!$E:$E,AH$82,'Hero Skills'!$D:$D,"Foe",'Hero Skills'!$C:$C,"All",'Hero Skills'!$A:$A,$C99,'Hero Skills'!$B:$B,"Skill 1",'Hero Skills'!$I:$I,"Stats-Based",'Hero Skills'!$P:$P,AH$81)) -> -0.2 | AI99: =IF($B99="Lead",SUMIFS('Hero Skills'!$H:$H,'Hero Skills'!$F:$F,AI$83,'Hero Skills'!$E:$E,AI$82,'Hero Skills'!$D:$D,"Foe",'Hero Skills'!$C:$C,"All",'Hero Skills'!$A:$A,$C99,'Hero Skills'!$I:$I,"Stats-Based",'Hero Skills'!$P:$P,AI$81),SUMIFS('Hero Skills'!$H:$H,'Hero Skills'!$F:$F,AI$83,'Hero Skills'!$E:$E,AI$82,'Hero Skills'!$D:$D,"Foe",'Hero Skills'!$C:$C,"All",'Hero Skills'!$A:$A,$C99,'Hero Skills'!$B:$B,"Skill 1",'Hero Skills'!$I:$I,"Stats-Based",'Hero Skills'!$P:$P,AI$81)) -> 0 | AJ99: =IF($B99="Lead",SUMIFS('Hero Skills'!$H:$H,'Hero Skills'!$F:$F,AJ$83,'Hero Skills'!$E:$E,AJ$82,'Hero Skills'!$D:$D,"Foe",'Hero Skills'!$C:$C,"All",'Hero Skills'!$A:$A,$C99,'Hero Skills'!$I:$I,"Stats-Based",'Hero Skills'!$P:$P,AJ$81),SUMIFS('Hero Skills'!$H:$H,'Hero Skills'!$F:$F,AJ$83,'Hero Skills'!$E:$E,AJ$82,'Hero Skills'!$D:$D,"Foe",'Hero Skills'!$C:$C,"All",'Hero Skills'!$A:$A,$C99,'Hero Skills'!$B:$B,"Skill 1",'Hero Skills'!$I:$I,"Stats-Based",'Hero Skills'!$P:$P,AJ$81)) -> 0 | AK99: =IF($B99="Lead",SUMIFS('Hero Skills'!$H:$H,'Hero Skills'!$F:$F,AK$83,'Hero Skills'!$E:$E,AK$82,'Hero Skills'!$D:$D,"Foe",'Hero Skills'!$C:$C,"All",'Hero Skills'!$A:$A,$C99,'Hero Skills'!$I:$I,"Stats-Based",'Hero Skills'!$P:$P,AK$81),SUMIFS('Hero Skills'!$H:$H,'Hero Skills'!$F:$F,AK$83,'Hero Skills'!$E:$E,AK$82,'Hero Skills'!$D:$D,"Foe",'Hero Skills'!$C:$C,"All",'Hero Skills'!$A:$A,$C99,'Hero Skills'!$B:$B,"Skill 1",'Hero Skills'!$I:$I,"Stats-Based",'Hero Skills'!$P:$P,AK$81)) -> 0 | AL99: =IF($B99="Lead",SUMIFS('Hero Skills'!$H:$H,'Hero Skills'!$F:$F,AL$83,'Hero Skills'!$E:$E,AL$82,'Hero Skills'!$D:$D,"Foe",'Hero Skills'!$C:$C,"All",'Hero Skills'!$A:$A,$C99,'Hero Skills'!$I:$I,"Stats-Based",'Hero Skills'!$P:$P,AL$81),SUMIFS('Hero Skills'!$H:$H,'Hero Skills'!$F:$F,AL$83,'Hero Skills'!$E:$E,AL$82,'Hero Skills'!$D:$D,"Foe",'Hero Skills'!$C:$C,"All",'Hero Skills'!$A:$A,$C99,'Hero Skills'!$B:$B,"Skill 1",'Hero Skills'!$I:$I,"Stats-Based",'Hero Skills'!$P:$P,AL$81)) -> 0 | AM99: =IF($B99="Lead",SUMIFS('Hero Skills'!$H:$H,'Hero Skills'!$F:$F,AM$83,'Hero Skills'!$E:$E,AM$82,'Hero Skills'!$D:$D,"Foe",'Hero Skills'!$C:$C,"All",'Hero Skills'!$A:$A,$C99,'Hero Skills'!$I:$I,"Stats-Based",'Hero Skills'!$P:$P,AM$81),SUMIFS('Hero Skills'!$H:$H,'Hero Skills'!$F:$F,AM$83,'Hero Skills'!$E:$E,AM$82,'Hero Skills'!$D:$D,"Foe",'Hero Skills'!$C:$C,"All",'Hero Skills'!$A:$A,$C99,'Hero Skills'!$B:$B,"Skill 1",'Hero Skills'!$I:$I,"Stats-Based",'Hero Skills'!$P:$P,AM$81)) -> 0 | AN99: =IF($B99="Lead",SUMIFS('Hero Skills'!$H:$H,'Hero Skills'!$F:$F,AN$83,'Hero Skills'!$E:$E,AN$82,'Hero Skills'!$D:$D,"Foe",'Hero Skills'!$C:$C,"All",'Hero Skills'!$A:$A,$C99,'Hero Skills'!$I:$I,"Stats-Based",'Hero Skills'!$P:$P,AN$81),SUMIFS('Hero Skills'!$H:$H,'Hero Skills'!$F:$F,AN$83,'Hero Skills'!$E:$E,AN$82,'Hero Skills'!$D:$D,"Foe",'Hero Skills'!$C:$C,"All",'Hero Skills'!$A:$A,$C99,'Hero Skills'!$B:$B,"Skill 1",'Hero Skills'!$I:$I,"Stats-Based",'Hero Skills'!$P:$P,AN$81)) -> 0 | AO99: =IF($B99="Lead",SUMIFS('Hero Skills'!$H:$H,'Hero Skills'!$F:$F,AO$83,'Hero Skills'!$E:$E,AO$82,'Hero Skills'!$D:$D,"Foe",'Hero Skills'!$C:$C,"All",'Hero Skills'!$A:$A,$C99,'Hero Skills'!$I:$I,"Stats-Based",'Hero Skills'!$P:$P,AO$81),SUMIFS('Hero Skills'!$H:$H,'Hero Skills'!$F:$F,AO$83,'Hero Skills'!$E:$E,AO$82,'Hero Skills'!$D:$D,"Foe",'Hero Skills'!$C:$C,"All",'Hero Skills'!$A:$A,$C99,'Hero Skills'!$B:$B,"Skill 1",'Hero Skills'!$I:$I,"Stats-Based",'Hero Skills'!$P:$P,AO$81)) -> 0 | ... BK99: =IF($B99="Lead",SUMIFS('Hero Skills'!$H:$H,'Hero Skills'!$F:$F,BK$83,'Hero Skills'!$E:$E,BK$82,'Hero Skills'!$D:$D,"Foe",'Hero Skills'!$C:$C,"All",'Hero Skills'!$A:$A,$C99,'Hero Skills'!$I:$I,"Stats-Based",'Hero Skills'!$P:$P,BK$81),SUMIFS('Hero Skills'!$H:$H,'Hero Skills'!$F:$F,BK$83,'Hero Skills'!$E:$E,BK$82,'Hero Skills'!$D:$D,"Foe",'Hero Skills'!$C:$C,"All",'Hero Skills'!$A:$A,$C99,'Hero Skills'!$B:$B,"Skill 1",'Hero Skills'!$I:$I,"Stats-Based",'Hero Skills'!$P:$P,BK$81)) -> 0
B100: Joiner 1 | C100: =I24 -> Jessie | D100: =IF($B100="Lead",SUMIFS('Hero Skills'!$H:$H,'Hero Skills'!$F:$F,D$83,'Hero Skills'!$E:$E,D$82,'Hero Skills'!$D:$D,"Friend",'Hero Skills'!$C:$C,"All",'Hero Skills'!$A:$A,$C100,'Hero Skills'!$I:$I,"Stats-Based",'Hero Skills'!$P:$P,D$81)+SUMIFS('Hero Skills'!$H:$H,'Hero Skills'!$C:$C,$F$1,'Hero Skills'!$F:$F,D$83,'Hero Skills'!$E:$E,D$82,'Hero Skills'!$A:$A,$C100,'Hero Skills'!$I:$I,"Stats-Based",'Hero Skills'!$P:$P,D$81),SUMIFS('Hero Skills'!$H:$H,'Hero Skills'!$F:$F,D$83,'Hero Skills'!$E:$E,D$82,'Hero Skills'!$D:$D,"Friend",'Hero Skills'!$C:$C,"All",'Hero Skills'!$A:$A,$C100,'Hero Skills'!$B:$B,"Skill 1",'Hero Skills'!$I:$I,"Stats-Based",'Hero Skills'!$P:$P,D$81)) -> 0 | E100: =IF($B100="Lead",SUMIFS('Hero Skills'!$H:$H,'Hero Skills'!$F:$F,E$83,'Hero Skills'!$E:$E,E$82,'Hero Skills'!$D:$D,"Friend",'Hero Skills'!$C:$C,"All",'Hero Skills'!$A:$A,$C100,'Hero Skills'!$I:$I,"Stats-Based",'Hero Skills'!$P:$P,E$81)+SUMIFS('Hero Skills'!$H:$H,'Hero Skills'!$C:$C,$F$1,'Hero Skills'!$F:$F,E$83,'Hero Skills'!$E:$E,E$82,'Hero Skills'!$A:$A,$C100,'Hero Skills'!$I:$I,"Stats-Based",'Hero Skills'!$P:$P,E$81),SUMIFS('Hero Skills'!$H:$H,'Hero Skills'!$F:$F,E$83,'Hero Skills'!$E:$E,E$82,'Hero Skills'!$D:$D,"Friend",'Hero Skills'!$C:$C,"All",'Hero Skills'!$A:$A,$C100,'Hero Skills'!$B:$B,"Skill 1",'Hero Skills'!$I:$I,"Stats-Based",'Hero Skills'!$P:$P,E$81)) -> 0 | F100: =IF($B100="Lead",SUMIFS('Hero Skills'!$H:$H,'Hero Skills'!$F:$F,F$83,'Hero Skills'!$E:$E,F$82,'Hero Skills'!$D:$D,"Friend",'Hero Skills'!$C:$C,"All",'Hero Skills'!$A:$A,$C100,'Hero Skills'!$I:$I,"Stats-Based",'Hero Skills'!$P:$P,F$81)+SUMIFS('Hero Skills'!$H:$H,'Hero Skills'!$C:$C,$F$1,'Hero Skills'!$F:$F,F$83,'Hero Skills'!$E:$E,F$82,'Hero Skills'!$A:$A,$C100,'Hero Skills'!$I:$I,"Stats-Based",'Hero Skills'!$P:$P,F$81),SUMIFS('Hero Skills'!$H:$H,'Hero Skills'!$F:$F,F$83,'Hero Skills'!$E:$E,F$82,'Hero Skills'!$D:$D,"Friend",'Hero Skills'!$C:$C,"All",'Hero Skills'!$A:$A,$C100,'Hero Skills'!$B:$B,"Skill 1",'Hero Skills'!$I:$I,"Stats-Based",'Hero Skills'!$P:$P,F$81)) -> 0 | G100: =IF($B100="Lead",SUMIFS('Hero Skills'!$H:$H,'Hero Skills'!$F:$F,G$83,'Hero Skills'!$E:$E,G$82,'Hero Skills'!$D:$D,"Friend",'Hero Skills'!$C:$C,"All",'Hero Skills'!$A:$A,$C100,'Hero Skills'!$I:$I,"Stats-Based",'Hero Skills'!$P:$P,G$81)+SUMIFS('Hero Skills'!$H:$H,'Hero Skills'!$C:$C,$F$1,'Hero Skills'!$F:$F,G$83,'Hero Skills'!$E:$E,G$82,'Hero Skills'!$A:$A,$C100,'Hero Skills'!$I:$I,"Stats-Based",'Hero Skills'!$P:$P,G$81),SUMIFS('Hero Skills'!$H:$H,'Hero Skills'!$F:$F,G$83,'Hero Skills'!$E:$E,G$82,'Hero Skills'!$D:$D,"Friend",'Hero Skills'!$C:$C,"All",'Hero Skills'!$A:$A,$C100,'Hero Skills'!$B:$B,"Skill 1",'Hero Skills'!$I:$I,"Stats-Based",'Hero Skills'!$P:$P,G$81)) -> 0 | H100: =IF($B100="Lead",SUMIFS('Hero Skills'!$H:$H,'Hero Skills'!$F:$F,H$83,'Hero Skills'!$E:$E,H$82,'Hero Skills'!$D:$D,"Friend",'Hero Skills'!$C:$C,"All",'Hero Skills'!$A:$A,$C100,'Hero Skills'!$I:$I,"Stats-Based",'Hero Skills'!$P:$P,H$81)+SUMIFS('Hero Skills'!$H:$H,'Hero Skills'!$C:$C,$F$1,'Hero Skills'!$F:$F,H$83,'Hero Skills'!$E:$E,H$82,'Hero Skills'!$A:$A,$C100,'Hero Skills'!$I:$I,"Stats-Based",'Hero Skills'!$P:$P,H$81),SUMIFS('Hero Skills'!$H:$H,'Hero Skills'!$F:$F,H$83,'Hero Skills'!$E:$E,H$82,'Hero Skills'!$D:$D,"Friend",'Hero Skills'!$C:$C,"All",'Hero Skills'!$A:$A,$C100,'Hero Skills'!$B:$B,"Skill 1",'Hero Skills'!$I:$I,"Stats-Based",'Hero Skills'!$P:$P,H$81)) -> 0.25 | I100: =IF($B100="Lead",SUMIFS('Hero Skills'!$H:$H,'Hero Skills'!$F:$F,I$83,'Hero Skills'!$E:$E,I$82,'Hero Skills'!$D:$D,"Friend",'Hero Skills'!$C:$C,"All",'Hero Skills'!$A:$A,$C100,'Hero Skills'!$I:$I,"Stats-Based",'Hero Skills'!$P:$P,I$81)+SUMIFS('Hero Skills'!$H:$H,'Hero Skills'!$C:$C,$F$1,'Hero Skills'!$F:$F,I$83,'Hero Skills'!$E:$E,I$82,'Hero Skills'!$A:$A,$C100,'Hero Skills'!$I:$I,"Stats-Based",'Hero Skills'!$P:$P,I$81),SUMIFS('Hero Skills'!$H:$H,'Hero Skills'!$F:$F,I$83,'Hero Skills'!$E:$E,I$82,'Hero Skills'!$D:$D,"Friend",'Hero Skills'!$C:$C,"All",'Hero Skills'!$A:$A,$C100,'Hero Skills'!$B:$B,"Skill 1",'Hero Skills'!$I:$I,"Stats-Based",'Hero Skills'!$P:$P,I$81)) -> 0 | J100: =IF($B100="Lead",SUMIFS('Hero Skills'!$H:$H,'Hero Skills'!$F:$F,J$83,'Hero Skills'!$E:$E,J$82,'Hero Skills'!$D:$D,"Friend",'Hero Skills'!$C:$C,"All",'Hero Skills'!$A:$A,$C100,'Hero Skills'!$I:$I,"Stats-Based",'Hero Skills'!$P:$P,J$81)+SUMIFS('Hero Skills'!$H:$H,'Hero Skills'!$C:$C,$F$1,'Hero Skills'!$F:$F,J$83,'Hero Skills'!$E:$E,J$82,'Hero Skills'!$A:$A,$C100,'Hero Skills'!$I:$I,"Stats-Based",'Hero Skills'!$P:$P,J$81),SUMIFS('Hero Skills'!$H:$H,'Hero Skills'!$F:$F,J$83,'Hero Skills'!$E:$E,J$82,'Hero Skills'!$D:$D,"Friend",'Hero Skills'!$C:$C,"All",'Hero Skills'!$A:$A,$C100,'Hero Skills'!$B:$B,"Skill 1",'Hero Skills'!$I:$I,"Stats-Based",'Hero Skills'!$P:$P,J$81)) -> 0 | K100: =IF($B100="Lead",SUMIFS('Hero Skills'!$H:$H,'Hero Skills'!$F:$F,K$83,'Hero Skills'!$E:$E,K$82,'Hero Skills'!$D:$D,"Friend",'Hero Skills'!$C:$C,"All",'Hero Skills'!$A:$A,$C100,'Hero Skills'!$I:$I,"Stats-Based",'Hero Skills'!$P:$P,K$81)+SUMIFS('Hero Skills'!$H:$H,'Hero Skills'!$C:$C,$F$1,'Hero Skills'!$F:$F,K$83,'Hero Skills'!$E:$E,K$82,'Hero Skills'!$A:$A,$C100,'Hero Skills'!$I:$I,"Stats-Based",'Hero Skills'!$P:$P,K$81),SUMIFS('Hero Skills'!$H:$H,'Hero Skills'!$F:$F,K$83,'Hero Skills'!$E:$E,K$82,'Hero Skills'!$D:$D,"Friend",'Hero Skills'!$C:$C,"All",'Hero Skills'!$A:$A,$C100,'Hero Skills'!$B:$B,"Skill 1",'Hero Skills'!$I:$I,"Stats-Based",'Hero Skills'!$P:$P,K$81)) -> 0 | ... AG100: =IF($B100="Lead",SUMIFS('Hero Skills'!$H:$H,'Hero Skills'!$F:$F,AG$83,'Hero Skills'!$E:$E,AG$82,'Hero Skills'!$D:$D,"Friend",'Hero Skills'!$C:$C,"All",'Hero Skills'!$A:$A,$C100,'Hero Skills'!$I:$I,"Stats-Based",'Hero Skills'!$P:$P,AG$81)+SUMIFS('Hero Skills'!$H:$H,'Hero Skills'!$C:$C,$F$1,'Hero Skills'!$F:$F,AG$83,'Hero Skills'!$E:$E,AG$82,'Hero Skills'!$A:$A,$C100,'Hero Skills'!$I:$I,"Stats-Based",'Hero Skills'!$P:$P,AG$81),SUMIFS('Hero Skills'!$H:$H,'Hero Skills'!$F:$F,AG$83,'Hero Skills'!$E:$E,AG$82,'Hero Skills'!$D:$D,"Friend",'Hero Skills'!$C:$C,"All",'Hero Skills'!$A:$A,$C100,'Hero Skills'!$B:$B,"Skill 1",'Hero Skills'!$I:$I,"Stats-Based",'Hero Skills'!$P:$P,AG$81)) -> 0 | AH100: =IF($B100="Lead",SUMIFS('Hero Skills'!$H:$H,'Hero Skills'!$F:$F,AH$83,'Hero Skills'!$E:$E,AH$82,'Hero Skills'!$D:$D,"Foe",'Hero Skills'!$C:$C,"All",'Hero Skills'!$A:$A,$C100,'Hero Skills'!$I:$I,"Stats-Based",'Hero Skills'!$P:$P,AH$81),SUMIFS('Hero Skills'!$H:$H,'Hero Skills'!$F:$F,AH$83,'Hero Skills'!$E:$E,AH$82,'Hero Skills'!$D:$D,"Foe",'Hero Skills'!$C:$C,"All",'Hero Skills'!$A:$A,$C100,'Hero Skills'!$B:$B,"Skill 1",'Hero Skills'!$I:$I,"Stats-Based",'Hero Skills'!$P:$P,AH$81)) -> 0 | AI100: =IF($B100="Lead",SUMIFS('Hero Skills'!$H:$H,'Hero Skills'!$F:$F,AI$83,'Hero Skills'!$E:$E,AI$82,'Hero Skills'!$D:$D,"Foe",'Hero Skills'!$C:$C,"All",'Hero Skills'!$A:$A,$C100,'Hero Skills'!$I:$I,"Stats-Based",'Hero Skills'!$P:$P,AI$81),SUMIFS('Hero Skills'!$H:$H,'Hero Skills'!$F:$F,AI$83,'Hero Skills'!$E:$E,AI$82,'Hero Skills'!$D:$D,"Foe",'Hero Skills'!$C:$C,"All",'Hero Skills'!$A:$A,$C100,'Hero Skills'!$B:$B,"Skill 1",'Hero Skills'!$I:$I,"Stats-Based",'Hero Skills'!$P:$P,AI$81)) -> 0 | AJ100: =IF($B100="Lead",SUMIFS('Hero Skills'!$H:$H,'Hero Skills'!$F:$F,AJ$83,'Hero Skills'!$E:$E,AJ$82,'Hero Skills'!$D:$D,"Foe",'Hero Skills'!$C:$C,"All",'Hero Skills'!$A:$A,$C100,'Hero Skills'!$I:$I,"Stats-Based",'Hero Skills'!$P:$P,AJ$81),SUMIFS('Hero Skills'!$H:$H,'Hero Skills'!$F:$F,AJ$83,'Hero Skills'!$E:$E,AJ$82,'Hero Skills'!$D:$D,"Foe",'Hero Skills'!$C:$C,"All",'Hero Skills'!$A:$A,$C100,'Hero Skills'!$B:$B,"Skill 1",'Hero Skills'!$I:$I,"Stats-Based",'Hero Skills'!$P:$P,AJ$81)) -> 0 | AK100: =IF($B100="Lead",SUMIFS('Hero Skills'!$H:$H,'Hero Skills'!$F:$F,AK$83,'Hero Skills'!$E:$E,AK$82,'Hero Skills'!$D:$D,"Foe",'Hero Skills'!$C:$C,"All",'Hero Skills'!$A:$A,$C100,'Hero Skills'!$I:$I,"Stats-Based",'Hero Skills'!$P:$P,AK$81),SUMIFS('Hero Skills'!$H:$H,'Hero Skills'!$F:$F,AK$83,'Hero Skills'!$E:$E,AK$82,'Hero Skills'!$D:$D,"Foe",'Hero Skills'!$C:$C,"All",'Hero Skills'!$A:$A,$C100,'Hero Skills'!$B:$B,"Skill 1",'Hero Skills'!$I:$I,"Stats-Based",'Hero Skills'!$P:$P,AK$81)) -> 0 | AL100: =IF($B100="Lead",SUMIFS('Hero Skills'!$H:$H,'Hero Skills'!$F:$F,AL$83,'Hero Skills'!$E:$E,AL$82,'Hero Skills'!$D:$D,"Foe",'Hero Skills'!$C:$C,"All",'Hero Skills'!$A:$A,$C100,'Hero Skills'!$I:$I,"Stats-Based",'Hero Skills'!$P:$P,AL$81),SUMIFS('Hero Skills'!$H:$H,'Hero Skills'!$F:$F,AL$83,'Hero Skills'!$E:$E,AL$82,'Hero Skills'!$D:$D,"Foe",'Hero Skills'!$C:$C,"All",'Hero Skills'!$A:$A,$C100,'Hero Skills'!$B:$B,"Skill 1",'Hero Skills'!$I:$I,"Stats-Based",'Hero Skills'!$P:$P,AL$81)) -> 0 | AM100: =IF($B100="Lead",SUMIFS('Hero Skills'!$H:$H,'Hero Skills'!$F:$F,AM$83,'Hero Skills'!$E:$E,AM$82,'Hero Skills'!$D:$D,"Foe",'Hero Skills'!$C:$C,"All",'Hero Skills'!$A:$A,$C100,'Hero Skills'!$I:$I,"Stats-Based",'Hero Skills'!$P:$P,AM$81),SUMIFS('Hero Skills'!$H:$H,'Hero Skills'!$F:$F,AM$83,'Hero Skills'!$E:$E,AM$82,'Hero Skills'!$D:$D,"Foe",'Hero Skills'!$C:$C,"All",'Hero Skills'!$A:$A,$C100,'Hero Skills'!$B:$B,"Skill 1",'Hero Skills'!$I:$I,"Stats-Based",'Hero Skills'!$P:$P,AM$81)) -> 0 | AN100: =IF($B100="Lead",SUMIFS('Hero Skills'!$H:$H,'Hero Skills'!$F:$F,AN$83,'Hero Skills'!$E:$E,AN$82,'Hero Skills'!$D:$D,"Foe",'Hero Skills'!$C:$C,"All",'Hero Skills'!$A:$A,$C100,'Hero Skills'!$I:$I,"Stats-Based",'Hero Skills'!$P:$P,AN$81),SUMIFS('Hero Skills'!$H:$H,'Hero Skills'!$F:$F,AN$83,'Hero Skills'!$E:$E,AN$82,'Hero Skills'!$D:$D,"Foe",'Hero Skills'!$C:$C,"All",'Hero Skills'!$A:$A,$C100,'Hero Skills'!$B:$B,"Skill 1",'Hero Skills'!$I:$I,"Stats-Based",'Hero Skills'!$P:$P,AN$81)) -> 0 | AO100: =IF($B100="Lead",SUMIFS('Hero Skills'!$H:$H,'Hero Skills'!$F:$F,AO$83,'Hero Skills'!$E:$E,AO$82,'Hero Skills'!$D:$D,"Foe",'Hero Skills'!$C:$C,"All",'Hero Skills'!$A:$A,$C100,'Hero Skills'!$I:$I,"Stats-Based",'Hero Skills'!$P:$P,AO$81),SUMIFS('Hero Skills'!$H:$H,'Hero Skills'!$F:$F,AO$83,'Hero Skills'!$E:$E,AO$82,'Hero Skills'!$D:$D,"Foe",'Hero Skills'!$C:$C,"All",'Hero Skills'!$A:$A,$C100,'Hero Skills'!$B:$B,"Skill 1",'Hero Skills'!$I:$I,"Stats-Based",'Hero Skills'!$P:$P,AO$81)) -> 0 | ... BK100: =IF($B100="Lead",SUMIFS('Hero Skills'!$H:$H,'Hero Skills'!$F:$F,BK$83,'Hero Skills'!$E:$E,BK$82,'Hero Skills'!$D:$D,"Foe",'Hero Skills'!$C:$C,"All",'Hero Skills'!$A:$A,$C100,'Hero Skills'!$I:$I,"Stats-Based",'Hero Skills'!$P:$P,BK$81),SUMIFS('Hero Skills'!$H:$H,'Hero Skills'!$F:$F,BK$83,'Hero Skills'!$E:$E,BK$82,'Hero Skills'!$D:$D,"Foe",'Hero Skills'!$C:$C,"All",'Hero Skills'!$A:$A,$C100,'Hero Skills'!$B:$B,"Skill 1",'Hero Skills'!$I:$I,"Stats-Based",'Hero Skills'!$P:$P,BK$81)) -> 0
B101: Joiner 2 | C101: =I25 -> Rufus | D101: =IF($B101="Lead",SUMIFS('Hero Skills'!$H:$H,'Hero Skills'!$F:$F,D$83,'Hero Skills'!$E:$E,D$82,'Hero Skills'!$D:$D,"Friend",'Hero Skills'!$C:$C,"All",'Hero Skills'!$A:$A,$C101,'Hero Skills'!$I:$I,"Stats-Based",'Hero Skills'!$P:$P,D$81)+SUMIFS('Hero Skills'!$H:$H,'Hero Skills'!$C:$C,$F$1,'Hero Skills'!$F:$F,D$83,'Hero Skills'!$E:$E,D$82,'Hero Skills'!$A:$A,$C101,'Hero Skills'!$I:$I,"Stats-Based",'Hero Skills'!$P:$P,D$81),SUMIFS('Hero Skills'!$H:$H,'Hero Skills'!$F:$F,D$83,'Hero Skills'!$E:$E,D$82,'Hero Skills'!$D:$D,"Friend",'Hero Skills'!$C:$C,"All",'Hero Skills'!$A:$A,$C101,'Hero Skills'!$B:$B,"Skill 1",'Hero Skills'!$I:$I,"Stats-Based",'Hero Skills'!$P:$P,D$81)) -> 0.25 | E101: =IF($B101="Lead",SUMIFS('Hero Skills'!$H:$H,'Hero Skills'!$F:$F,E$83,'Hero Skills'!$E:$E,E$82,'Hero Skills'!$D:$D,"Friend",'Hero Skills'!$C:$C,"All",'Hero Skills'!$A:$A,$C101,'Hero Skills'!$I:$I,"Stats-Based",'Hero Skills'!$P:$P,E$81)+SUMIFS('Hero Skills'!$H:$H,'Hero Skills'!$C:$C,$F$1,'Hero Skills'!$F:$F,E$83,'Hero Skills'!$E:$E,E$82,'Hero Skills'!$A:$A,$C101,'Hero Skills'!$I:$I,"Stats-Based",'Hero Skills'!$P:$P,E$81),SUMIFS('Hero Skills'!$H:$H,'Hero Skills'!$F:$F,E$83,'Hero Skills'!$E:$E,E$82,'Hero Skills'!$D:$D,"Friend",'Hero Skills'!$C:$C,"All",'Hero Skills'!$A:$A,$C101,'Hero Skills'!$B:$B,"Skill 1",'Hero Skills'!$I:$I,"Stats-Based",'Hero Skills'!$P:$P,E$81)) -> 0 | F101: =IF($B101="Lead",SUMIFS('Hero Skills'!$H:$H,'Hero Skills'!$F:$F,F$83,'Hero Skills'!$E:$E,F$82,'Hero Skills'!$D:$D,"Friend",'Hero Skills'!$C:$C,"All",'Hero Skills'!$A:$A,$C101,'Hero Skills'!$I:$I,"Stats-Based",'Hero Skills'!$P:$P,F$81)+SUMIFS('Hero Skills'!$H:$H,'Hero Skills'!$C:$C,$F$1,'Hero Skills'!$F:$F,F$83,'Hero Skills'!$E:$E,F$82,'Hero Skills'!$A:$A,$C101,'Hero Skills'!$I:$I,"Stats-Based",'Hero Skills'!$P:$P,F$81),SUMIFS('Hero Skills'!$H:$H,'Hero Skills'!$F:$F,F$83,'Hero Skills'!$E:$E,F$82,'Hero Skills'!$D:$D,"Friend",'Hero Skills'!$C:$C,"All",'Hero Skills'!$A:$A,$C101,'Hero Skills'!$B:$B,"Skill 1",'Hero Skills'!$I:$I,"Stats-Based",'Hero Skills'!$P:$P,F$81)) -> 0 | G101: =IF($B101="Lead",SUMIFS('Hero Skills'!$H:$H,'Hero Skills'!$F:$F,G$83,'Hero Skills'!$E:$E,G$82,'Hero Skills'!$D:$D,"Friend",'Hero Skills'!$C:$C,"All",'Hero Skills'!$A:$A,$C101,'Hero Skills'!$I:$I,"Stats-Based",'Hero Skills'!$P:$P,G$81)+SUMIFS('Hero Skills'!$H:$H,'Hero Skills'!$C:$C,$F$1,'Hero Skills'!$F:$F,G$83,'Hero Skills'!$E:$E,G$82,'Hero Skills'!$A:$A,$C101,'Hero Skills'!$I:$I,"Stats-Based",'Hero Skills'!$P:$P,G$81),SUMIFS('Hero Skills'!$H:$H,'Hero Skills'!$F:$F,G$83,'Hero Skills'!$E:$E,G$82,'Hero Skills'!$D:$D,"Friend",'Hero Skills'!$C:$C,"All",'Hero Skills'!$A:$A,$C101,'Hero Skills'!$B:$B,"Skill 1",'Hero Skills'!$I:$I,"Stats-Based",'Hero Skills'!$P:$P,G$81)) -> 0 | H101: =IF($B101="Lead",SUMIFS('Hero Skills'!$H:$H,'Hero Skills'!$F:$F,H$83,'Hero Skills'!$E:$E,H$82,'Hero Skills'!$D:$D,"Friend",'Hero Skills'!$C:$C,"All",'Hero Skills'!$A:$A,$C101,'Hero Skills'!$I:$I,"Stats-Based",'Hero Skills'!$P:$P,H$81)+SUMIFS('Hero Skills'!$H:$H,'Hero Skills'!$C:$C,$F$1,'Hero Skills'!$F:$F,H$83,'Hero Skills'!$E:$E,H$82,'Hero Skills'!$A:$A,$C101,'Hero Skills'!$I:$I,"Stats-Based",'Hero Skills'!$P:$P,H$81),SUMIFS('Hero Skills'!$H:$H,'Hero Skills'!$F:$F,H$83,'Hero Skills'!$E:$E,H$82,'Hero Skills'!$D:$D,"Friend",'Hero Skills'!$C:$C,"All",'Hero Skills'!$A:$A,$C101,'Hero Skills'!$B:$B,"Skill 1",'Hero Skills'!$I:$I,"Stats-Based",'Hero Skills'!$P:$P,H$81)) -> 0 | I101: =IF($B101="Lead",SUMIFS('Hero Skills'!$H:$H,'Hero Skills'!$F:$F,I$83,'Hero Skills'!$E:$E,I$82,'Hero Skills'!$D:$D,"Friend",'Hero Skills'!$C:$C,"All",'Hero Skills'!$A:$A,$C101,'Hero Skills'!$I:$I,"Stats-Based",'Hero Skills'!$P:$P,I$81)+SUMIFS('Hero Skills'!$H:$H,'Hero Skills'!$C:$C,$F$1,'Hero Skills'!$F:$F,I$83,'Hero Skills'!$E:$E,I$82,'Hero Skills'!$A:$A,$C101,'Hero Skills'!$I:$I,"Stats-Based",'Hero Skills'!$P:$P,I$81),SUMIFS('Hero Skills'!$H:$H,'Hero Skills'!$F:$F,I$83,'Hero Skills'!$E:$E,I$82,'Hero Skills'!$D:$D,"Friend",'Hero Skills'!$C:$C,"All",'Hero Skills'!$A:$A,$C101,'Hero Skills'!$B:$B,"Skill 1",'Hero Skills'!$I:$I,"Stats-Based",'Hero Skills'!$P:$P,I$81)) -> 0 | J101: =IF($B101="Lead",SUMIFS('Hero Skills'!$H:$H,'Hero Skills'!$F:$F,J$83,'Hero Skills'!$E:$E,J$82,'Hero Skills'!$D:$D,"Friend",'Hero Skills'!$C:$C,"All",'Hero Skills'!$A:$A,$C101,'Hero Skills'!$I:$I,"Stats-Based",'Hero Skills'!$P:$P,J$81)+SUMIFS('Hero Skills'!$H:$H,'Hero Skills'!$C:$C,$F$1,'Hero Skills'!$F:$F,J$83,'Hero Skills'!$E:$E,J$82,'Hero Skills'!$A:$A,$C101,'Hero Skills'!$I:$I,"Stats-Based",'Hero Skills'!$P:$P,J$81),SUMIFS('Hero Skills'!$H:$H,'Hero Skills'!$F:$F,J$83,'Hero Skills'!$E:$E,J$82,'Hero Skills'!$D:$D,"Friend",'Hero Skills'!$C:$C,"All",'Hero Skills'!$A:$A,$C101,'Hero Skills'!$B:$B,"Skill 1",'Hero Skills'!$I:$I,"Stats-Based",'Hero Skills'!$P:$P,J$81)) -> 0 | K101: =IF($B101="Lead",SUMIFS('Hero Skills'!$H:$H,'Hero Skills'!$F:$F,K$83,'Hero Skills'!$E:$E,K$82,'Hero Skills'!$D:$D,"Friend",'Hero Skills'!$C:$C,"All",'Hero Skills'!$A:$A,$C101,'Hero Skills'!$I:$I,"Stats-Based",'Hero Skills'!$P:$P,K$81)+SUMIFS('Hero Skills'!$H:$H,'Hero Skills'!$C:$C,$F$1,'Hero Skills'!$F:$F,K$83,'Hero Skills'!$E:$E,K$82,'Hero Skills'!$A:$A,$C101,'Hero Skills'!$I:$I,"Stats-Based",'Hero Skills'!$P:$P,K$81),SUMIFS('Hero Skills'!$H:$H,'Hero Skills'!$F:$F,K$83,'Hero Skills'!$E:$E,K$82,'Hero Skills'!$D:$D,"Friend",'Hero Skills'!$C:$C,"All",'Hero Skills'!$A:$A,$C101,'Hero Skills'!$B:$B,"Skill 1",'Hero Skills'!$I:$I,"Stats-Based",'Hero Skills'!$P:$P,K$81)) -> 0 | ... AG101: =IF($B101="Lead",SUMIFS('Hero Skills'!$H:$H,'Hero Skills'!$F:$F,AG$83,'Hero Skills'!$E:$E,AG$82,'Hero Skills'!$D:$D,"Friend",'Hero Skills'!$C:$C,"All",'Hero Skills'!$A:$A,$C101,'Hero Skills'!$I:$I,"Stats-Based",'Hero Skills'!$P:$P,AG$81)+SUMIFS('Hero Skills'!$H:$H,'Hero Skills'!$C:$C,$F$1,'Hero Skills'!$F:$F,AG$83,'Hero Skills'!$E:$E,AG$82,'Hero Skills'!$A:$A,$C101,'Hero Skills'!$I:$I,"Stats-Based",'Hero Skills'!$P:$P,AG$81),SUMIFS('Hero Skills'!$H:$H,'Hero Skills'!$F:$F,AG$83,'Hero Skills'!$E:$E,AG$82,'Hero Skills'!$D:$D,"Friend",'Hero Skills'!$C:$C,"All",'Hero Skills'!$A:$A,$C101,'Hero Skills'!$B:$B,"Skill 1",'Hero Skills'!$I:$I,"Stats-Based",'Hero Skills'!$P:$P,AG$81)) -> 0 | AH101: =IF($B101="Lead",SUMIFS('Hero Skills'!$H:$H,'Hero Skills'!$F:$F,AH$83,'Hero Skills'!$E:$E,AH$82,'Hero Skills'!$D:$D,"Foe",'Hero Skills'!$C:$C,"All",'Hero Skills'!$A:$A,$C101,'Hero Skills'!$I:$I,"Stats-Based",'Hero Skills'!$P:$P,AH$81),SUMIFS('Hero Skills'!$H:$H,'Hero Skills'!$F:$F,AH$83,'Hero Skills'!$E:$E,AH$82,'Hero Skills'!$D:$D,"Foe",'Hero Skills'!$C:$C,"All",'Hero Skills'!$A:$A,$C101,'Hero Skills'!$B:$B,"Skill 1",'Hero Skills'!$I:$I,"Stats-Based",'Hero Skills'!$P:$P,AH$81)) -> 0 | AI101: =IF($B101="Lead",SUMIFS('Hero Skills'!$H:$H,'Hero Skills'!$F:$F,AI$83,'Hero Skills'!$E:$E,AI$82,'Hero Skills'!$D:$D,"Foe",'Hero Skills'!$C:$C,"All",'Hero Skills'!$A:$A,$C101,'Hero Skills'!$I:$I,"Stats-Based",'Hero Skills'!$P:$P,AI$81),SUMIFS('Hero Skills'!$H:$H,'Hero Skills'!$F:$F,AI$83,'Hero Skills'!$E:$E,AI$82,'Hero Skills'!$D:$D,"Foe",'Hero Skills'!$C:$C,"All",'Hero Skills'!$A:$A,$C101,'Hero Skills'!$B:$B,"Skill 1",'Hero Skills'!$I:$I,"Stats-Based",'Hero Skills'!$P:$P,AI$81)) -> 0 | AJ101: =IF($B101="Lead",SUMIFS('Hero Skills'!$H:$H,'Hero Skills'!$F:$F,AJ$83,'Hero Skills'!$E:$E,AJ$82,'Hero Skills'!$D:$D,"Foe",'Hero Skills'!$C:$C,"All",'Hero Skills'!$A:$A,$C101,'Hero Skills'!$I:$I,"Stats-Based",'Hero Skills'!$P:$P,AJ$81),SUMIFS('Hero Skills'!$H:$H,'Hero Skills'!$F:$F,AJ$83,'Hero Skills'!$E:$E,AJ$82,'Hero Skills'!$D:$D,"Foe",'Hero Skills'!$C:$C,"All",'Hero Skills'!$A:$A,$C101,'Hero Skills'!$B:$B,"Skill 1",'Hero Skills'!$I:$I,"Stats-Based",'Hero Skills'!$P:$P,AJ$81)) -> 0 | AK101: =IF($B101="Lead",SUMIFS('Hero Skills'!$H:$H,'Hero Skills'!$F:$F,AK$83,'Hero Skills'!$E:$E,AK$82,'Hero Skills'!$D:$D,"Foe",'Hero Skills'!$C:$C,"All",'Hero Skills'!$A:$A,$C101,'Hero Skills'!$I:$I,"Stats-Based",'Hero Skills'!$P:$P,AK$81),SUMIFS('Hero Skills'!$H:$H,'Hero Skills'!$F:$F,AK$83,'Hero Skills'!$E:$E,AK$82,'Hero Skills'!$D:$D,"Foe",'Hero Skills'!$C:$C,"All",'Hero Skills'!$A:$A,$C101,'Hero Skills'!$B:$B,"Skill 1",'Hero Skills'!$I:$I,"Stats-Based",'Hero Skills'!$P:$P,AK$81)) -> 0 | AL101: =IF($B101="Lead",SUMIFS('Hero Skills'!$H:$H,'Hero Skills'!$F:$F,AL$83,'Hero Skills'!$E:$E,AL$82,'Hero Skills'!$D:$D,"Foe",'Hero Skills'!$C:$C,"All",'Hero Skills'!$A:$A,$C101,'Hero Skills'!$I:$I,"Stats-Based",'Hero Skills'!$P:$P,AL$81),SUMIFS('Hero Skills'!$H:$H,'Hero Skills'!$F:$F,AL$83,'Hero Skills'!$E:$E,AL$82,'Hero Skills'!$D:$D,"Foe",'Hero Skills'!$C:$C,"All",'Hero Skills'!$A:$A,$C101,'Hero Skills'!$B:$B,"Skill 1",'Hero Skills'!$I:$I,"Stats-Based",'Hero Skills'!$P:$P,AL$81)) -> 0 | AM101: =IF($B101="Lead",SUMIFS('Hero Skills'!$H:$H,'Hero Skills'!$F:$F,AM$83,'Hero Skills'!$E:$E,AM$82,'Hero Skills'!$D:$D,"Foe",'Hero Skills'!$C:$C,"All",'Hero Skills'!$A:$A,$C101,'Hero Skills'!$I:$I,"Stats-Based",'Hero Skills'!$P:$P,AM$81),SUMIFS('Hero Skills'!$H:$H,'Hero Skills'!$F:$F,AM$83,'Hero Skills'!$E:$E,AM$82,'Hero Skills'!$D:$D,"Foe",'Hero Skills'!$C:$C,"All",'Hero Skills'!$A:$A,$C101,'Hero Skills'!$B:$B,"Skill 1",'Hero Skills'!$I:$I,"Stats-Based",'Hero Skills'!$P:$P,AM$81)) -> 0 | AN101: =IF($B101="Lead",SUMIFS('Hero Skills'!$H:$H,'Hero Skills'!$F:$F,AN$83,'Hero Skills'!$E:$E,AN$82,'Hero Skills'!$D:$D,"Foe",'Hero Skills'!$C:$C,"All",'Hero Skills'!$A:$A,$C101,'Hero Skills'!$I:$I,"Stats-Based",'Hero Skills'!$P:$P,AN$81),SUMIFS('Hero Skills'!$H:$H,'Hero Skills'!$F:$F,AN$83,'Hero Skills'!$E:$E,AN$82,'Hero Skills'!$D:$D,"Foe",'Hero Skills'!$C:$C,"All",'Hero Skills'!$A:$A,$C101,'Hero Skills'!$B:$B,"Skill 1",'Hero Skills'!$I:$I,"Stats-Based",'Hero Skills'!$P:$P,AN$81)) -> 0 | AO101: =IF($B101="Lead",SUMIFS('Hero Skills'!$H:$H,'Hero Skills'!$F:$F,AO$83,'Hero Skills'!$E:$E,AO$82,'Hero Skills'!$D:$D,"Foe",'Hero Skills'!$C:$C,"All",'Hero Skills'!$A:$A,$C101,'Hero Skills'!$I:$I,"Stats-Based",'Hero Skills'!$P:$P,AO$81),SUMIFS('Hero Skills'!$H:$H,'Hero Skills'!$F:$F,AO$83,'Hero Skills'!$E:$E,AO$82,'Hero Skills'!$D:$D,"Foe",'Hero Skills'!$C:$C,"All",'Hero Skills'!$A:$A,$C101,'Hero Skills'!$B:$B,"Skill 1",'Hero Skills'!$I:$I,"Stats-Based",'Hero Skills'!$P:$P,AO$81)) -> 0 | ... BK101: =IF($B101="Lead",SUMIFS('Hero Skills'!$H:$H,'Hero Skills'!$F:$F,BK$83,'Hero Skills'!$E:$E,BK$82,'Hero Skills'!$D:$D,"Foe",'Hero Skills'!$C:$C,"All",'Hero Skills'!$A:$A,$C101,'Hero Skills'!$I:$I,"Stats-Based",'Hero Skills'!$P:$P,BK$81),SUMIFS('Hero Skills'!$H:$H,'Hero Skills'!$F:$F,BK$83,'Hero Skills'!$E:$E,BK$82,'Hero Skills'!$D:$D,"Foe",'Hero Skills'!$C:$C,"All",'Hero Skills'!$A:$A,$C101,'Hero Skills'!$B:$B,"Skill 1",'Hero Skills'!$I:$I,"Stats-Based",'Hero Skills'!$P:$P,BK$81)) -> 0
B102: Joiner 3 | C102: =I26 -> Hendrik | D102: =IF($B102="Lead",SUMIFS('Hero Skills'!$H:$H,'Hero Skills'!$F:$F,D$83,'Hero Skills'!$E:$E,D$82,'Hero Skills'!$D:$D,"Friend",'Hero Skills'!$C:$C,"All",'Hero Skills'!$A:$A,$C102,'Hero Skills'!$I:$I,"Stats-Based",'Hero Skills'!$P:$P,D$81)+SUMIFS('Hero Skills'!$H:$H,'Hero Skills'!$C:$C,$F$1,'Hero Skills'!$F:$F,D$83,'Hero Skills'!$E:$E,D$82,'Hero Skills'!$A:$A,$C102,'Hero Skills'!$I:$I,"Stats-Based",'Hero Skills'!$P:$P,D$81),SUMIFS('Hero Skills'!$H:$H,'Hero Skills'!$F:$F,D$83,'Hero Skills'!$E:$E,D$82,'Hero Skills'!$D:$D,"Friend",'Hero Skills'!$C:$C,"All",'Hero Skills'!$A:$A,$C102,'Hero Skills'!$B:$B,"Skill 1",'Hero Skills'!$I:$I,"Stats-Based",'Hero Skills'!$P:$P,D$81)) -> 0 | E102: =IF($B102="Lead",SUMIFS('Hero Skills'!$H:$H,'Hero Skills'!$F:$F,E$83,'Hero Skills'!$E:$E,E$82,'Hero Skills'!$D:$D,"Friend",'Hero Skills'!$C:$C,"All",'Hero Skills'!$A:$A,$C102,'Hero Skills'!$I:$I,"Stats-Based",'Hero Skills'!$P:$P,E$81)+SUMIFS('Hero Skills'!$H:$H,'Hero Skills'!$C:$C,$F$1,'Hero Skills'!$F:$F,E$83,'Hero Skills'!$E:$E,E$82,'Hero Skills'!$A:$A,$C102,'Hero Skills'!$I:$I,"Stats-Based",'Hero Skills'!$P:$P,E$81),SUMIFS('Hero Skills'!$H:$H,'Hero Skills'!$F:$F,E$83,'Hero Skills'!$E:$E,E$82,'Hero Skills'!$D:$D,"Friend",'Hero Skills'!$C:$C,"All",'Hero Skills'!$A:$A,$C102,'Hero Skills'!$B:$B,"Skill 1",'Hero Skills'!$I:$I,"Stats-Based",'Hero Skills'!$P:$P,E$81)) -> 0 | F102: =IF($B102="Lead",SUMIFS('Hero Skills'!$H:$H,'Hero Skills'!$F:$F,F$83,'Hero Skills'!$E:$E,F$82,'Hero Skills'!$D:$D,"Friend",'Hero Skills'!$C:$C,"All",'Hero Skills'!$A:$A,$C102,'Hero Skills'!$I:$I,"Stats-Based",'Hero Skills'!$P:$P,F$81)+SUMIFS('Hero Skills'!$H:$H,'Hero Skills'!$C:$C,$F$1,'Hero Skills'!$F:$F,F$83,'Hero Skills'!$E:$E,F$82,'Hero Skills'!$A:$A,$C102,'Hero Skills'!$I:$I,"Stats-Based",'Hero Skills'!$P:$P,F$81),SUMIFS('Hero Skills'!$H:$H,'Hero Skills'!$F:$F,F$83,'Hero Skills'!$E:$E,F$82,'Hero Skills'!$D:$D,"Friend",'Hero Skills'!$C:$C,"All",'Hero Skills'!$A:$A,$C102,'Hero Skills'!$B:$B,"Skill 1",'Hero Skills'!$I:$I,"Stats-Based",'Hero Skills'!$P:$P,F$81)) -> 0 | G102: =IF($B102="Lead",SUMIFS('Hero Skills'!$H:$H,'Hero Skills'!$F:$F,G$83,'Hero Skills'!$E:$E,G$82,'Hero Skills'!$D:$D,"Friend",'Hero Skills'!$C:$C,"All",'Hero Skills'!$A:$A,$C102,'Hero Skills'!$I:$I,"Stats-Based",'Hero Skills'!$P:$P,G$81)+SUMIFS('Hero Skills'!$H:$H,'Hero Skills'!$C:$C,$F$1,'Hero Skills'!$F:$F,G$83,'Hero Skills'!$E:$E,G$82,'Hero Skills'!$A:$A,$C102,'Hero Skills'!$I:$I,"Stats-Based",'Hero Skills'!$P:$P,G$81),SUMIFS('Hero Skills'!$H:$H,'Hero Skills'!$F:$F,G$83,'Hero Skills'!$E:$E,G$82,'Hero Skills'!$D:$D,"Friend",'Hero Skills'!$C:$C,"All",'Hero Skills'!$A:$A,$C102,'Hero Skills'!$B:$B,"Skill 1",'Hero Skills'!$I:$I,"Stats-Based",'Hero Skills'!$P:$P,G$81)) -> 0 | H102: =IF($B102="Lead",SUMIFS('Hero Skills'!$H:$H,'Hero Skills'!$F:$F,H$83,'Hero Skills'!$E:$E,H$82,'Hero Skills'!$D:$D,"Friend",'Hero Skills'!$C:$C,"All",'Hero Skills'!$A:$A,$C102,'Hero Skills'!$I:$I,"Stats-Based",'Hero Skills'!$P:$P,H$81)+SUMIFS('Hero Skills'!$H:$H,'Hero Skills'!$C:$C,$F$1,'Hero Skills'!$F:$F,H$83,'Hero Skills'!$E:$E,H$82,'Hero Skills'!$A:$A,$C102,'Hero Skills'!$I:$I,"Stats-Based",'Hero Skills'!$P:$P,H$81),SUMIFS('Hero Skills'!$H:$H,'Hero Skills'!$F:$F,H$83,'Hero Skills'!$E:$E,H$82,'Hero Skills'!$D:$D,"Friend",'Hero Skills'!$C:$C,"All",'Hero Skills'!$A:$A,$C102,'Hero Skills'!$B:$B,"Skill 1",'Hero Skills'!$I:$I,"Stats-Based",'Hero Skills'!$P:$P,H$81)) -> 0 | I102: =IF($B102="Lead",SUMIFS('Hero Skills'!$H:$H,'Hero Skills'!$F:$F,I$83,'Hero Skills'!$E:$E,I$82,'Hero Skills'!$D:$D,"Friend",'Hero Skills'!$C:$C,"All",'Hero Skills'!$A:$A,$C102,'Hero Skills'!$I:$I,"Stats-Based",'Hero Skills'!$P:$P,I$81)+SUMIFS('Hero Skills'!$H:$H,'Hero Skills'!$C:$C,$F$1,'Hero Skills'!$F:$F,I$83,'Hero Skills'!$E:$E,I$82,'Hero Skills'!$A:$A,$C102,'Hero Skills'!$I:$I,"Stats-Based",'Hero Skills'!$P:$P,I$81),SUMIFS('Hero Skills'!$H:$H,'Hero Skills'!$F:$F,I$83,'Hero Skills'!$E:$E,I$82,'Hero Skills'!$D:$D,"Friend",'Hero Skills'!$C:$C,"All",'Hero Skills'!$A:$A,$C102,'Hero Skills'!$B:$B,"Skill 1",'Hero Skills'!$I:$I,"Stats-Based",'Hero Skills'!$P:$P,I$81)) -> 0 | J102: =IF($B102="Lead",SUMIFS('Hero Skills'!$H:$H,'Hero Skills'!$F:$F,J$83,'Hero Skills'!$E:$E,J$82,'Hero Skills'!$D:$D,"Friend",'Hero Skills'!$C:$C,"All",'Hero Skills'!$A:$A,$C102,'Hero Skills'!$I:$I,"Stats-Based",'Hero Skills'!$P:$P,J$81)+SUMIFS('Hero Skills'!$H:$H,'Hero Skills'!$C:$C,$F$1,'Hero Skills'!$F:$F,J$83,'Hero Skills'!$E:$E,J$82,'Hero Skills'!$A:$A,$C102,'Hero Skills'!$I:$I,"Stats-Based",'Hero Skills'!$P:$P,J$81),SUMIFS('Hero Skills'!$H:$H,'Hero Skills'!$F:$F,J$83,'Hero Skills'!$E:$E,J$82,'Hero Skills'!$D:$D,"Friend",'Hero Skills'!$C:$C,"All",'Hero Skills'!$A:$A,$C102,'Hero Skills'!$B:$B,"Skill 1",'Hero Skills'!$I:$I,"Stats-Based",'Hero Skills'!$P:$P,J$81)) -> 0 | K102: =IF($B102="Lead",SUMIFS('Hero Skills'!$H:$H,'Hero Skills'!$F:$F,K$83,'Hero Skills'!$E:$E,K$82,'Hero Skills'!$D:$D,"Friend",'Hero Skills'!$C:$C,"All",'Hero Skills'!$A:$A,$C102,'Hero Skills'!$I:$I,"Stats-Based",'Hero Skills'!$P:$P,K$81)+SUMIFS('Hero Skills'!$H:$H,'Hero Skills'!$C:$C,$F$1,'Hero Skills'!$F:$F,K$83,'Hero Skills'!$E:$E,K$82,'Hero Skills'!$A:$A,$C102,'Hero Skills'!$I:$I,"Stats-Based",'Hero Skills'!$P:$P,K$81),SUMIFS('Hero Skills'!$H:$H,'Hero Skills'!$F:$F,K$83,'Hero Skills'!$E:$E,K$82,'Hero Skills'!$D:$D,"Friend",'Hero Skills'!$C:$C,"All",'Hero Skills'!$A:$A,$C102,'Hero Skills'!$B:$B,"Skill 1",'Hero Skills'!$I:$I,"Stats-Based",'Hero Skills'!$P:$P,K$81)) -> 0 | ... AG102: =IF($B102="Lead",SUMIFS('Hero Skills'!$H:$H,'Hero Skills'!$F:$F,AG$83,'Hero Skills'!$E:$E,AG$82,'Hero Skills'!$D:$D,"Friend",'Hero Skills'!$C:$C,"All",'Hero Skills'!$A:$A,$C102,'Hero Skills'!$I:$I,"Stats-Based",'Hero Skills'!$P:$P,AG$81)+SUMIFS('Hero Skills'!$H:$H,'Hero Skills'!$C:$C,$F$1,'Hero Skills'!$F:$F,AG$83,'Hero Skills'!$E:$E,AG$82,'Hero Skills'!$A:$A,$C102,'Hero Skills'!$I:$I,"Stats-Based",'Hero Skills'!$P:$P,AG$81),SUMIFS('Hero Skills'!$H:$H,'Hero Skills'!$F:$F,AG$83,'Hero Skills'!$E:$E,AG$82,'Hero Skills'!$D:$D,"Friend",'Hero Skills'!$C:$C,"All",'Hero Skills'!$A:$A,$C102,'Hero Skills'!$B:$B,"Skill 1",'Hero Skills'!$I:$I,"Stats-Based",'Hero Skills'!$P:$P,AG$81)) -> 0 | AH102: =IF($B102="Lead",SUMIFS('Hero Skills'!$H:$H,'Hero Skills'!$F:$F,AH$83,'Hero Skills'!$E:$E,AH$82,'Hero Skills'!$D:$D,"Foe",'Hero Skills'!$C:$C,"All",'Hero Skills'!$A:$A,$C102,'Hero Skills'!$I:$I,"Stats-Based",'Hero Skills'!$P:$P,AH$81),SUMIFS('Hero Skills'!$H:$H,'Hero Skills'!$F:$F,AH$83,'Hero Skills'!$E:$E,AH$82,'Hero Skills'!$D:$D,"Foe",'Hero Skills'!$C:$C,"All",'Hero Skills'!$A:$A,$C102,'Hero Skills'!$B:$B,"Skill 1",'Hero Skills'!$I:$I,"Stats-Based",'Hero Skills'!$P:$P,AH$81)) -> 0 | AI102: =IF($B102="Lead",SUMIFS('Hero Skills'!$H:$H,'Hero Skills'!$F:$F,AI$83,'Hero Skills'!$E:$E,AI$82,'Hero Skills'!$D:$D,"Foe",'Hero Skills'!$C:$C,"All",'Hero Skills'!$A:$A,$C102,'Hero Skills'!$I:$I,"Stats-Based",'Hero Skills'!$P:$P,AI$81),SUMIFS('Hero Skills'!$H:$H,'Hero Skills'!$F:$F,AI$83,'Hero Skills'!$E:$E,AI$82,'Hero Skills'!$D:$D,"Foe",'Hero Skills'!$C:$C,"All",'Hero Skills'!$A:$A,$C102,'Hero Skills'!$B:$B,"Skill 1",'Hero Skills'!$I:$I,"Stats-Based",'Hero Skills'!$P:$P,AI$81)) -> -0.25 | AJ102: =IF($B102="Lead",SUMIFS('Hero Skills'!$H:$H,'Hero Skills'!$F:$F,AJ$83,'Hero Skills'!$E:$E,AJ$82,'Hero Skills'!$D:$D,"Foe",'Hero Skills'!$C:$C,"All",'Hero Skills'!$A:$A,$C102,'Hero Skills'!$I:$I,"Stats-Based",'Hero Skills'!$P:$P,AJ$81),SUMIFS('Hero Skills'!$H:$H,'Hero Skills'!$F:$F,AJ$83,'Hero Skills'!$E:$E,AJ$82,'Hero Skills'!$D:$D,"Foe",'Hero Skills'!$C:$C,"All",'Hero Skills'!$A:$A,$C102,'Hero Skills'!$B:$B,"Skill 1",'Hero Skills'!$I:$I,"Stats-Based",'Hero Skills'!$P:$P,AJ$81)) -> 0 | AK102: =IF($B102="Lead",SUMIFS('Hero Skills'!$H:$H,'Hero Skills'!$F:$F,AK$83,'Hero Skills'!$E:$E,AK$82,'Hero Skills'!$D:$D,"Foe",'Hero Skills'!$C:$C,"All",'Hero Skills'!$A:$A,$C102,'Hero Skills'!$I:$I,"Stats-Based",'Hero Skills'!$P:$P,AK$81),SUMIFS('Hero Skills'!$H:$H,'Hero Skills'!$F:$F,AK$83,'Hero Skills'!$E:$E,AK$82,'Hero Skills'!$D:$D,"Foe",'Hero Skills'!$C:$C,"All",'Hero Skills'!$A:$A,$C102,'Hero Skills'!$B:$B,"Skill 1",'Hero Skills'!$I:$I,"Stats-Based",'Hero Skills'!$P:$P,AK$81)) -> 0 | AL102: =IF($B102="Lead",SUMIFS('Hero Skills'!$H:$H,'Hero Skills'!$F:$F,AL$83,'Hero Skills'!$E:$E,AL$82,'Hero Skills'!$D:$D,"Foe",'Hero Skills'!$C:$C,"All",'Hero Skills'!$A:$A,$C102,'Hero Skills'!$I:$I,"Stats-Based",'Hero Skills'!$P:$P,AL$81),SUMIFS('Hero Skills'!$H:$H,'Hero Skills'!$F:$F,AL$83,'Hero Skills'!$E:$E,AL$82,'Hero Skills'!$D:$D,"Foe",'Hero Skills'!$C:$C,"All",'Hero Skills'!$A:$A,$C102,'Hero Skills'!$B:$B,"Skill 1",'Hero Skills'!$I:$I,"Stats-Based",'Hero Skills'!$P:$P,AL$81)) -> 0 | AM102: =IF($B102="Lead",SUMIFS('Hero Skills'!$H:$H,'Hero Skills'!$F:$F,AM$83,'Hero Skills'!$E:$E,AM$82,'Hero Skills'!$D:$D,"Foe",'Hero Skills'!$C:$C,"All",'Hero Skills'!$A:$A,$C102,'Hero Skills'!$I:$I,"Stats-Based",'Hero Skills'!$P:$P,AM$81),SUMIFS('Hero Skills'!$H:$H,'Hero Skills'!$F:$F,AM$83,'Hero Skills'!$E:$E,AM$82,'Hero Skills'!$D:$D,"Foe",'Hero Skills'!$C:$C,"All",'Hero Skills'!$A:$A,$C102,'Hero Skills'!$B:$B,"Skill 1",'Hero Skills'!$I:$I,"Stats-Based",'Hero Skills'!$P:$P,AM$81)) -> 0 | AN102: =IF($B102="Lead",SUMIFS('Hero Skills'!$H:$H,'Hero Skills'!$F:$F,AN$83,'Hero Skills'!$E:$E,AN$82,'Hero Skills'!$D:$D,"Foe",'Hero Skills'!$C:$C,"All",'Hero Skills'!$A:$A,$C102,'Hero Skills'!$I:$I,"Stats-Based",'Hero Skills'!$P:$P,AN$81),SUMIFS('Hero Skills'!$H:$H,'Hero Skills'!$F:$F,AN$83,'Hero Skills'!$E:$E,AN$82,'Hero Skills'!$D:$D,"Foe",'Hero Skills'!$C:$C,"All",'Hero Skills'!$A:$A,$C102,'Hero Skills'!$B:$B,"Skill 1",'Hero Skills'!$I:$I,"Stats-Based",'Hero Skills'!$P:$P,AN$81)) -> 0 | AO102: =IF($B102="Lead",SUMIFS('Hero Skills'!$H:$H,'Hero Skills'!$F:$F,AO$83,'Hero Skills'!$E:$E,AO$82,'Hero Skills'!$D:$D,"Foe",'Hero Skills'!$C:$C,"All",'Hero Skills'!$A:$A,$C102,'Hero Skills'!$I:$I,"Stats-Based",'Hero Skills'!$P:$P,AO$81),SUMIFS('Hero Skills'!$H:$H,'Hero Skills'!$F:$F,AO$83,'Hero Skills'!$E:$E,AO$82,'Hero Skills'!$D:$D,"Foe",'Hero Skills'!$C:$C,"All",'Hero Skills'!$A:$A,$C102,'Hero Skills'!$B:$B,"Skill 1",'Hero Skills'!$I:$I,"Stats-Based",'Hero Skills'!$P:$P,AO$81)) -> 0 | ... BK102: =IF($B102="Lead",SUMIFS('Hero Skills'!$H:$H,'Hero Skills'!$F:$F,BK$83,'Hero Skills'!$E:$E,BK$82,'Hero Skills'!$D:$D,"Foe",'Hero Skills'!$C:$C,"All",'Hero Skills'!$A:$A,$C102,'Hero Skills'!$I:$I,"Stats-Based",'Hero Skills'!$P:$P,BK$81),SUMIFS('Hero Skills'!$H:$H,'Hero Skills'!$F:$F,BK$83,'Hero Skills'!$E:$E,BK$82,'Hero Skills'!$D:$D,"Foe",'Hero Skills'!$C:$C,"All",'Hero Skills'!$A:$A,$C102,'Hero Skills'!$B:$B,"Skill 1",'Hero Skills'!$I:$I,"Stats-Based",'Hero Skills'!$P:$P,BK$81)) -> 0
B103: Joiner 4 | C103: =I27 -> Blanchette | D103: =IF($B103="Lead",SUMIFS('Hero Skills'!$H:$H,'Hero Skills'!$F:$F,D$83,'Hero Skills'!$E:$E,D$82,'Hero Skills'!$D:$D,"Friend",'Hero Skills'!$C:$C,"All",'Hero Skills'!$A:$A,$C103,'Hero Skills'!$I:$I,"Stats-Based",'Hero Skills'!$P:$P,D$81)+SUMIFS('Hero Skills'!$H:$H,'Hero Skills'!$C:$C,$F$1,'Hero Skills'!$F:$F,D$83,'Hero Skills'!$E:$E,D$82,'Hero Skills'!$A:$A,$C103,'Hero Skills'!$I:$I,"Stats-Based",'Hero Skills'!$P:$P,D$81),SUMIFS('Hero Skills'!$H:$H,'Hero Skills'!$F:$F,D$83,'Hero Skills'!$E:$E,D$82,'Hero Skills'!$D:$D,"Friend",'Hero Skills'!$C:$C,"All",'Hero Skills'!$A:$A,$C103,'Hero Skills'!$B:$B,"Skill 1",'Hero Skills'!$I:$I,"Stats-Based",'Hero Skills'!$P:$P,D$81)) -> 0 | E103: =IF($B103="Lead",SUMIFS('Hero Skills'!$H:$H,'Hero Skills'!$F:$F,E$83,'Hero Skills'!$E:$E,E$82,'Hero Skills'!$D:$D,"Friend",'Hero Skills'!$C:$C,"All",'Hero Skills'!$A:$A,$C103,'Hero Skills'!$I:$I,"Stats-Based",'Hero Skills'!$P:$P,E$81)+SUMIFS('Hero Skills'!$H:$H,'Hero Skills'!$C:$C,$F$1,'Hero Skills'!$F:$F,E$83,'Hero Skills'!$E:$E,E$82,'Hero Skills'!$A:$A,$C103,'Hero Skills'!$I:$I,"Stats-Based",'Hero Skills'!$P:$P,E$81),SUMIFS('Hero Skills'!$H:$H,'Hero Skills'!$F:$F,E$83,'Hero Skills'!$E:$E,E$82,'Hero Skills'!$D:$D,"Friend",'Hero Skills'!$C:$C,"All",'Hero Skills'!$A:$A,$C103,'Hero Skills'!$B:$B,"Skill 1",'Hero Skills'!$I:$I,"Stats-Based",'Hero Skills'!$P:$P,E$81)) -> 0 | F103: =IF($B103="Lead",SUMIFS('Hero Skills'!$H:$H,'Hero Skills'!$F:$F,F$83,'Hero Skills'!$E:$E,F$82,'Hero Skills'!$D:$D,"Friend",'Hero Skills'!$C:$C,"All",'Hero Skills'!$A:$A,$C103,'Hero Skills'!$I:$I,"Stats-Based",'Hero Skills'!$P:$P,F$81)+SUMIFS('Hero Skills'!$H:$H,'Hero Skills'!$C:$C,$F$1,'Hero Skills'!$F:$F,F$83,'Hero Skills'!$E:$E,F$82,'Hero Skills'!$A:$A,$C103,'Hero Skills'!$I:$I,"Stats-Based",'Hero Skills'!$P:$P,F$81),SUMIFS('Hero Skills'!$H:$H,'Hero Skills'!$F:$F,F$83,'Hero Skills'!$E:$E,F$82,'Hero Skills'!$D:$D,"Friend",'Hero Skills'!$C:$C,"All",'Hero Skills'!$A:$A,$C103,'Hero Skills'!$B:$B,"Skill 1",'Hero Skills'!$I:$I,"Stats-Based",'Hero Skills'!$P:$P,F$81)) -> 0.25 | G103: =IF($B103="Lead",SUMIFS('Hero Skills'!$H:$H,'Hero Skills'!$F:$F,G$83,'Hero Skills'!$E:$E,G$82,'Hero Skills'!$D:$D,"Friend",'Hero Skills'!$C:$C,"All",'Hero Skills'!$A:$A,$C103,'Hero Skills'!$I:$I,"Stats-Based",'Hero Skills'!$P:$P,G$81)+SUMIFS('Hero Skills'!$H:$H,'Hero Skills'!$C:$C,$F$1,'Hero Skills'!$F:$F,G$83,'Hero Skills'!$E:$E,G$82,'Hero Skills'!$A:$A,$C103,'Hero Skills'!$I:$I,"Stats-Based",'Hero Skills'!$P:$P,G$81),SUMIFS('Hero Skills'!$H:$H,'Hero Skills'!$F:$F,G$83,'Hero Skills'!$E:$E,G$82,'Hero Skills'!$D:$D,"Friend",'Hero Skills'!$C:$C,"All",'Hero Skills'!$A:$A,$C103,'Hero Skills'!$B:$B,"Skill 1",'Hero Skills'!$I:$I,"Stats-Based",'Hero Skills'!$P:$P,G$81)) -> 0 | H103: =IF($B103="Lead",SUMIFS('Hero Skills'!$H:$H,'Hero Skills'!$F:$F,H$83,'Hero Skills'!$E:$E,H$82,'Hero Skills'!$D:$D,"Friend",'Hero Skills'!$C:$C,"All",'Hero Skills'!$A:$A,$C103,'Hero Skills'!$I:$I,"Stats-Based",'Hero Skills'!$P:$P,H$81)+SUMIFS('Hero Skills'!$H:$H,'Hero Skills'!$C:$C,$F$1,'Hero Skills'!$F:$F,H$83,'Hero Skills'!$E:$E,H$82,'Hero Skills'!$A:$A,$C103,'Hero Skills'!$I:$I,"Stats-Based",'Hero Skills'!$P:$P,H$81),SUMIFS('Hero Skills'!$H:$H,'Hero Skills'!$F:$F,H$83,'Hero Skills'!$E:$E,H$82,'Hero Skills'!$D:$D,"Friend",'Hero Skills'!$C:$C,"All",'Hero Skills'!$A:$A,$C103,'Hero Skills'!$B:$B,"Skill 1",'Hero Skills'!$I:$I,"Stats-Based",'Hero Skills'!$P:$P,H$81)) -> 0 | I103: =IF($B103="Lead",SUMIFS('Hero Skills'!$H:$H,'Hero Skills'!$F:$F,I$83,'Hero Skills'!$E:$E,I$82,'Hero Skills'!$D:$D,"Friend",'Hero Skills'!$C:$C,"All",'Hero Skills'!$A:$A,$C103,'Hero Skills'!$I:$I,"Stats-Based",'Hero Skills'!$P:$P,I$81)+SUMIFS('Hero Skills'!$H:$H,'Hero Skills'!$C:$C,$F$1,'Hero Skills'!$F:$F,I$83,'Hero Skills'!$E:$E,I$82,'Hero Skills'!$A:$A,$C103,'Hero Skills'!$I:$I,"Stats-Based",'Hero Skills'!$P:$P,I$81),SUMIFS('Hero Skills'!$H:$H,'Hero Skills'!$F:$F,I$83,'Hero Skills'!$E:$E,I$82,'Hero Skills'!$D:$D,"Friend",'Hero Skills'!$C:$C,"All",'Hero Skills'!$A:$A,$C103,'Hero Skills'!$B:$B,"Skill 1",'Hero Skills'!$I:$I,"Stats-Based",'Hero Skills'!$P:$P,I$81)) -> 0 | J103: =IF($B103="Lead",SUMIFS('Hero Skills'!$H:$H,'Hero Skills'!$F:$F,J$83,'Hero Skills'!$E:$E,J$82,'Hero Skills'!$D:$D,"Friend",'Hero Skills'!$C:$C,"All",'Hero Skills'!$A:$A,$C103,'Hero Skills'!$I:$I,"Stats-Based",'Hero Skills'!$P:$P,J$81)+SUMIFS('Hero Skills'!$H:$H,'Hero Skills'!$C:$C,$F$1,'Hero Skills'!$F:$F,J$83,'Hero Skills'!$E:$E,J$82,'Hero Skills'!$A:$A,$C103,'Hero Skills'!$I:$I,"Stats-Based",'Hero Skills'!$P:$P,J$81),SUMIFS('Hero Skills'!$H:$H,'Hero Skills'!$F:$F,J$83,'Hero Skills'!$E:$E,J$82,'Hero Skills'!$D:$D,"Friend",'Hero Skills'!$C:$C,"All",'Hero Skills'!$A:$A,$C103,'Hero Skills'!$B:$B,"Skill 1",'Hero Skills'!$I:$I,"Stats-Based",'Hero Skills'!$P:$P,J$81)) -> 0 | K103: =IF($B103="Lead",SUMIFS('Hero Skills'!$H:$H,'Hero Skills'!$F:$F,K$83,'Hero Skills'!$E:$E,K$82,'Hero Skills'!$D:$D,"Friend",'Hero Skills'!$C:$C,"All",'Hero Skills'!$A:$A,$C103,'Hero Skills'!$I:$I,"Stats-Based",'Hero Skills'!$P:$P,K$81)+SUMIFS('Hero Skills'!$H:$H,'Hero Skills'!$C:$C,$F$1,'Hero Skills'!$F:$F,K$83,'Hero Skills'!$E:$E,K$82,'Hero Skills'!$A:$A,$C103,'Hero Skills'!$I:$I,"Stats-Based",'Hero Skills'!$P:$P,K$81),SUMIFS('Hero Skills'!$H:$H,'Hero Skills'!$F:$F,K$83,'Hero Skills'!$E:$E,K$82,'Hero Skills'!$D:$D,"Friend",'Hero Skills'!$C:$C,"All",'Hero Skills'!$A:$A,$C103,'Hero Skills'!$B:$B,"Skill 1",'Hero Skills'!$I:$I,"Stats-Based",'Hero Skills'!$P:$P,K$81)) -> 0 | ... AG103: =IF($B103="Lead",SUMIFS('Hero Skills'!$H:$H,'Hero Skills'!$F:$F,AG$83,'Hero Skills'!$E:$E,AG$82,'Hero Skills'!$D:$D,"Friend",'Hero Skills'!$C:$C,"All",'Hero Skills'!$A:$A,$C103,'Hero Skills'!$I:$I,"Stats-Based",'Hero Skills'!$P:$P,AG$81)+SUMIFS('Hero Skills'!$H:$H,'Hero Skills'!$C:$C,$F$1,'Hero Skills'!$F:$F,AG$83,'Hero Skills'!$E:$E,AG$82,'Hero Skills'!$A:$A,$C103,'Hero Skills'!$I:$I,"Stats-Based",'Hero Skills'!$P:$P,AG$81),SUMIFS('Hero Skills'!$H:$H,'Hero Skills'!$F:$F,AG$83,'Hero Skills'!$E:$E,AG$82,'Hero Skills'!$D:$D,"Friend",'Hero Skills'!$C:$C,"All",'Hero Skills'!$A:$A,$C103,'Hero Skills'!$B:$B,"Skill 1",'Hero Skills'!$I:$I,"Stats-Based",'Hero Skills'!$P:$P,AG$81)) -> 0 | AH103: =IF($B103="Lead",SUMIFS('Hero Skills'!$H:$H,'Hero Skills'!$F:$F,AH$83,'Hero Skills'!$E:$E,AH$82,'Hero Skills'!$D:$D,"Foe",'Hero Skills'!$C:$C,"All",'Hero Skills'!$A:$A,$C103,'Hero Skills'!$I:$I,"Stats-Based",'Hero Skills'!$P:$P,AH$81),SUMIFS('Hero Skills'!$H:$H,'Hero Skills'!$F:$F,AH$83,'Hero Skills'!$E:$E,AH$82,'Hero Skills'!$D:$D,"Foe",'Hero Skills'!$C:$C,"All",'Hero Skills'!$A:$A,$C103,'Hero Skills'!$B:$B,"Skill 1",'Hero Skills'!$I:$I,"Stats-Based",'Hero Skills'!$P:$P,AH$81)) -> 0 | AI103: =IF($B103="Lead",SUMIFS('Hero Skills'!$H:$H,'Hero Skills'!$F:$F,AI$83,'Hero Skills'!$E:$E,AI$82,'Hero Skills'!$D:$D,"Foe",'Hero Skills'!$C:$C,"All",'Hero Skills'!$A:$A,$C103,'Hero Skills'!$I:$I,"Stats-Based",'Hero Skills'!$P:$P,AI$81),SUMIFS('Hero Skills'!$H:$H,'Hero Skills'!$F:$F,AI$83,'Hero Skills'!$E:$E,AI$82,'Hero Skills'!$D:$D,"Foe",'Hero Skills'!$C:$C,"All",'Hero Skills'!$A:$A,$C103,'Hero Skills'!$B:$B,"Skill 1",'Hero Skills'!$I:$I,"Stats-Based",'Hero Skills'!$P:$P,AI$81)) -> 0 | AJ103: =IF($B103="Lead",SUMIFS('Hero Skills'!$H:$H,'Hero Skills'!$F:$F,AJ$83,'Hero Skills'!$E:$E,AJ$82,'Hero Skills'!$D:$D,"Foe",'Hero Skills'!$C:$C,"All",'Hero Skills'!$A:$A,$C103,'Hero Skills'!$I:$I,"Stats-Based",'Hero Skills'!$P:$P,AJ$81),SUMIFS('Hero Skills'!$H:$H,'Hero Skills'!$F:$F,AJ$83,'Hero Skills'!$E:$E,AJ$82,'Hero Skills'!$D:$D,"Foe",'Hero Skills'!$C:$C,"All",'Hero Skills'!$A:$A,$C103,'Hero Skills'!$B:$B,"Skill 1",'Hero Skills'!$I:$I,"Stats-Based",'Hero Skills'!$P:$P,AJ$81)) -> 0 | AK103: =IF($B103="Lead",SUMIFS('Hero Skills'!$H:$H,'Hero Skills'!$F:$F,AK$83,'Hero Skills'!$E:$E,AK$82,'Hero Skills'!$D:$D,"Foe",'Hero Skills'!$C:$C,"All",'Hero Skills'!$A:$A,$C103,'Hero Skills'!$I:$I,"Stats-Based",'Hero Skills'!$P:$P,AK$81),SUMIFS('Hero Skills'!$H:$H,'Hero Skills'!$F:$F,AK$83,'Hero Skills'!$E:$E,AK$82,'Hero Skills'!$D:$D,"Foe",'Hero Skills'!$C:$C,"All",'Hero Skills'!$A:$A,$C103,'Hero Skills'!$B:$B,"Skill 1",'Hero Skills'!$I:$I,"Stats-Based",'Hero Skills'!$P:$P,AK$81)) -> 0 | AL103: =IF($B103="Lead",SUMIFS('Hero Skills'!$H:$H,'Hero Skills'!$F:$F,AL$83,'Hero Skills'!$E:$E,AL$82,'Hero Skills'!$D:$D,"Foe",'Hero Skills'!$C:$C,"All",'Hero Skills'!$A:$A,$C103,'Hero Skills'!$I:$I,"Stats-Based",'Hero Skills'!$P:$P,AL$81),SUMIFS('Hero Skills'!$H:$H,'Hero Skills'!$F:$F,AL$83,'Hero Skills'!$E:$E,AL$82,'Hero Skills'!$D:$D,"Foe",'Hero Skills'!$C:$C,"All",'Hero Skills'!$A:$A,$C103,'Hero Skills'!$B:$B,"Skill 1",'Hero Skills'!$I:$I,"Stats-Based",'Hero Skills'!$P:$P,AL$81)) -> 0 | AM103: =IF($B103="Lead",SUMIFS('Hero Skills'!$H:$H,'Hero Skills'!$F:$F,AM$83,'Hero Skills'!$E:$E,AM$82,'Hero Skills'!$D:$D,"Foe",'Hero Skills'!$C:$C,"All",'Hero Skills'!$A:$A,$C103,'Hero Skills'!$I:$I,"Stats-Based",'Hero Skills'!$P:$P,AM$81),SUMIFS('Hero Skills'!$H:$H,'Hero Skills'!$F:$F,AM$83,'Hero Skills'!$E:$E,AM$82,'Hero Skills'!$D:$D,"Foe",'Hero Skills'!$C:$C,"All",'Hero Skills'!$A:$A,$C103,'Hero Skills'!$B:$B,"Skill 1",'Hero Skills'!$I:$I,"Stats-Based",'Hero Skills'!$P:$P,AM$81)) -> 0 | AN103: =IF($B103="Lead",SUMIFS('Hero Skills'!$H:$H,'Hero Skills'!$F:$F,AN$83,'Hero Skills'!$E:$E,AN$82,'Hero Skills'!$D:$D,"Foe",'Hero Skills'!$C:$C,"All",'Hero Skills'!$A:$A,$C103,'Hero Skills'!$I:$I,"Stats-Based",'Hero Skills'!$P:$P,AN$81),SUMIFS('Hero Skills'!$H:$H,'Hero Skills'!$F:$F,AN$83,'Hero Skills'!$E:$E,AN$82,'Hero Skills'!$D:$D,"Foe",'Hero Skills'!$C:$C,"All",'Hero Skills'!$A:$A,$C103,'Hero Skills'!$B:$B,"Skill 1",'Hero Skills'!$I:$I,"Stats-Based",'Hero Skills'!$P:$P,AN$81)) -> 0 | AO103: =IF($B103="Lead",SUMIFS('Hero Skills'!$H:$H,'Hero Skills'!$F:$F,AO$83,'Hero Skills'!$E:$E,AO$82,'Hero Skills'!$D:$D,"Foe",'Hero Skills'!$C:$C,"All",'Hero Skills'!$A:$A,$C103,'Hero Skills'!$I:$I,"Stats-Based",'Hero Skills'!$P:$P,AO$81),SUMIFS('Hero Skills'!$H:$H,'Hero Skills'!$F:$F,AO$83,'Hero Skills'!$E:$E,AO$82,'Hero Skills'!$D:$D,"Foe",'Hero Skills'!$C:$C,"All",'Hero Skills'!$A:$A,$C103,'Hero Skills'!$B:$B,"Skill 1",'Hero Skills'!$I:$I,"Stats-Based",'Hero Skills'!$P:$P,AO$81)) -> 0 | ... BK103: =IF($B103="Lead",SUMIFS('Hero Skills'!$H:$H,'Hero Skills'!$F:$F,BK$83,'Hero Skills'!$E:$E,BK$82,'Hero Skills'!$D:$D,"Foe",'Hero Skills'!$C:$C,"All",'Hero Skills'!$A:$A,$C103,'Hero Skills'!$I:$I,"Stats-Based",'Hero Skills'!$P:$P,BK$81),SUMIFS('Hero Skills'!$H:$H,'Hero Skills'!$F:$F,BK$83,'Hero Skills'!$E:$E,BK$82,'Hero Skills'!$D:$D,"Foe",'Hero Skills'!$C:$C,"All",'Hero Skills'!$A:$A,$C103,'Hero Skills'!$B:$B,"Skill 1",'Hero Skills'!$I:$I,"Stats-Based",'Hero Skills'!$P:$P,BK$81)) -> 0

Sheet Experiments
B1: Battle Formation Simulator | E1: My role | F1: Garrison | I1: Enemy Role | J1: =IF(F1="Rally","Garrison","Rally") -> Rally
B4: Total Troops | C4: 1644203 | I4: Total Troops | J4: 1644203
C5: 11
C6: Infantry | D6: Lancer | E6: Marksman | J6: Infantry | K6: Lancer | L6: Marksman
B7: My formation | C7: 0.6 | D7: 0.4 | E7: =1-C7-D7 -> 0 | I7: Enemy | J7: 0.6 | K7: 0.3 | L7: =1-K7-J7 -> 0.1
B8: Number | C8: =C7*$C$4 -> 986521.8 | D8: =D7*$C$4 -> 657681.2 | E8: =E7*$C$4 -> 0 | I8: Number | J8: =J7*$J$4 -> 986521.8 | K8: =K7*$J$4 -> 493260.9 | L8: =L7*$J$4 -> 164420.3
B11: Final Stats | C11: Infantry | D11: Lancer | E11: Marksman
B12: Attack | C12: 1 | D12: 1 | E12: 1
B13: Defense | C13: 1 | D13: 1 | E13: 1
B14: Lethality | C14: 1 | D14: 1 | E14: 1
B15: Heatlh | C15: 1 | D15: 1 | E15: 1
B18: Friend | I18: Opponent
B19: Gisela | C19: {=INDEX('Hero Profile'!$A:$A,MATCH(B19,'Hero Profile'!$B:$B,FALSE))} -> 0 | I19: Gisela | J19: {=INDEX('Hero Profile'!$A:$A,MATCH(I19,'Hero Profile'!$B:$B,FALSE))} -> 0
B20: Flora | C20: {=INDEX('Hero Profile'!$A:$A,MATCH(B20,'Hero Profile'!$B:$B,FALSE))} -> 0 | I20: Flora | J20: {=INDEX('Hero Profile'!$A:$A,MATCH(I20,'Hero Profile'!$B:$B,FALSE))} -> 0
B21: Vulcanus | C21: {=INDEX('Hero Profile'!$A:$A,MATCH(B21,'Hero Profile'!$B:$B,FALSE))} -> 0 | I21: Vulcanus | J21: {=INDEX('Hero Profile'!$A:$A,MATCH(I21,'Hero Profile'!$B:$B,FALSE))} -> 0
B23: Joiners | I23: Joiners
B24: Ling Xue | C24: {=INDEX('Hero Profile'!$A:$A,MATCH(B24,'Hero Profile'!$B:$B,FALSE))} -> 0 | I24: Jessie | J24: {=INDEX('Hero Profile'!$A:$A,MATCH(I24,'Hero Profile'!$B:$B,FALSE))} -> 0
B25: Karol | C25: {=INDEX('Hero Profile'!$A:$A,MATCH(B25,'Hero Profile'!$B:$B,FALSE))} -> 0 | I25: Rufus | J25: {=INDEX('Hero Profile'!$A:$A,MATCH(I25,'Hero Profile'!$B:$B,FALSE))} -> 0
B26: Renee | C26: {=INDEX('Hero Profile'!$A:$A,MATCH(B26,'Hero Profile'!$B:$B,FALSE))} -> 0 | I26: Hendrik | J26: {=INDEX('Hero Profile'!$A:$A,MATCH(I26,'Hero Profile'!$B:$B,FALSE))} -> 0
B27: Gordon | C27: {=INDEX('Hero Profile'!$A:$A,MATCH(B27,'Hero Profile'!$B:$B,FALSE))} -> 0 | I27: Blanchette | J27: {=INDEX('Hero Profile'!$A:$A,MATCH(I27,'Hero Profile'!$B:$B,FALSE))} -> 0
H28: Score
G29: Normal Damage | H29: =(F37+F41)/(M38-M43) -> 0.56710696
G30: Skilled Damage | H30: =(F39+F42)/(M40-M44) -> 0.42832841
G31: Defense | H31: =(SUM(C38:E38)-SUM(C43:E43))/SUM(J37:L37,J41:L41) -> 1.0398215
G32: Health | H32: =(SUM(C40:E40)-SUM(C44:E44))/SUM(J39:L39,J42:L42) -> 1.2234943
B34: Aggregate Effects
C36: Infantry | D36: Lancer | E36: Marksman | F36: Total | J36: Infantry | K36: Lancer | L36: Marksman | M36: Total
B37: Attack | C37: =MAX(0,C62*C$8+C50) -> 17806718 | D37: =MAX(0,D62*D$8+D50) -> 17494320 | E37: =MAX(0,E62*E$8+E50) -> 0 | F37: =MAX(0,C37:E37) -> 17806718 | I37: Attack | J37: =MAX(0,J62*J$8+J50) -> 19993508 | K37: =MAX(0,K62*K$8+K50) -> 13811305 | L37: =MAX(0,L62*L$8+L50) -> 5514656.9 | M37: =MAX(0,J37:L37) -> 19993508
B38: Defense | C38: =MAX(0,C63*C$8+C51) -> 30613251 | D38: =MAX(0,D63*D$8+D51) -> 8484087.5 | E38: =MAX(0,E63*E$8+E51) -> 0 | F38: =MAX(0,C38:E38) -> 30613251 | I38: Defense | J38: =MAX(0,J63*J$8+J51) -> 39111314 | K38: =MAX(0,K63*K$8+K51) -> 8577807.1 | L38: =MAX(0,L63*L$8+L51) -> 0 | M38: =MAX(0,J38:L38) -> 39111314
B39: Lethality | C39: =MAX(0,C64*C$8+C52) -> 17757392 | D39: =MAX(0,D64*D$8+D52) -> 19664668 | E39: =MAX(0,E64*E$8+E52) -> 0 | F39: =MAX(0,C39:E39) -> 19664668 | I39: Lethality | J39: =MAX(0,J64*J$8+J52) -> 22196740 | K39: =MAX(0,K64*K$8+K52) -> 18435626 | L39: =MAX(0,L64*L$8+L52) -> 7005846.2 | M39: =MAX(0,J39:L39) -> 22196740
B40: Heatlh | C40: =MAX(0,C65*C$8+C53) -> 46411997 | D40: =MAX(0,D65*D$8+D53) -> 16111648 | E40: =MAX(0,E65*E$8+E53) -> 0 | F40: =MAX(0,C40:E40) -> 46411997 | I40: Heatlh | J40: =MAX(0,J65*J$8+J53) -> 45910258 | K40: =MAX(0,K65*K$8+K53) -> 12129286 | L40: =MAX(0,L65*L$8+L53) -> 3781666.9 | M40: =MAX(0,J40:L40) -> 45910258
B41: Normal Damage Dealt | C41: =C56 -> 0 | D41: =D56 -> 4373580 | E41: =E56 -> 0 | F41: =MAX(0,C41:E41) -> 4373580 | I41: Normal Damage Dealt | J41: =J56 -> 4685978.5 | K41: =K56 -> 6905652.6 | L41: =L56 -> 1233152.2 | M41: =MAX(0,J41:L41) -> 6905652.6
B42: Skill Damage Dealt | C42: =C57 -> 0 | D42: =D57 -> 0 | E42: =E57 -> 0 | F42: =MAX(0,C42:E42) -> 0 | I42: Skill Damage Dealt | J42: =J57 -> 5549185.1 | K42: =K57 -> 4007744.8 | L42: =L57 -> 1387296.3 | M42: =MAX(0,J42:L42) -> 5549185.1
B43: Normal Damage Taken | C43: =C58 -> -13051683 | D43: =D58 -> -2071695.8 | E43: =E58 -> 0 | F43: =MAX(0,C43:E43) -> 0 | I43: Normal Damage Taken | J43: =J58 -> -8977348.4 | K43: =K58 -> 0 | L43: =L58 -> 0 | M43: =MAX(0,J43:L43) -> 0
B44: Skill Damage Taken | C44: =C59 -> -6126300.4 | D44: =D59 -> -3025333.5 | E44: =E59 -> 0 | F44: =MAX(0,C44:E44) -> 0 | I44: Skill Damage Taken | J44: =J59 -> 0 | K44: =K59 -> 0 | L44: =L59 -> 0 | M44: =MAX(0,J44:L44) -> 0
B47: Troop Effects
B49: Troop Type Modifers | C49: Infantry | D49: Lancer | E49: Marksman | I49: Modifers | J49: Infantry | K49: Lancer | L49: Marksman
B50: Attack Modifier | E50: =E62*10%*E8+30%*(6%*E62*E8) -> 0 | I50: Attack Modifier | J50: =J62*10%*D8 -> 1249594.3 | K50: =E8*10%*K62+20%*L62*E8 -> 0 | L50: =L62*10%*L8+30%*(6%*L62*L8) -> 582047.86
B51: Defense Modifier | C51: =K8*C63*10%+37.5%*6%*C63*C8-L62*10%*L8 -> 1609510.3 | D51: =-J62*10%*J8 -> -1874391.4 | E51: =-K8*10%*K62-20%*L62*K8 -> -4340695.9 | I51: Defense Modifier | J51: =D8*J63*10%+37.5%*6%*J63*J8-E62*10%*E8 -> 3201920.9 | K51: =-C62*10%*C8 -> -1780671.8 | L51: =-D8*10%*D62-20%*D62*D8 -> -5248296
B52: Lethality Modifier | D52: =15%*D64*D8 -> 2564956.7 | E52: =30%*(50%*E64*E8+37.5%*E64*E8) -> 0 | I52: Lethality Modifier | K52: =15%*K64*K8 -> 2404646.9 | L52: =30%*(50%*L64*L8+37.5%*L64*L8) -> 1456661.1
B53: Health Modifier | C53: =37.5%*(36*C8+15%*(SUMPRODUCT(J64:L64,J8:L8))) -> 15780495 | D53: =15%*15%*(SUMPRODUCT(J64:L64,J8:L8)) -> 984980.36 | I53: Health Modifier | J53: =37.5%*(36*J8+15%*(SUMPRODUCT(C64:E64,C8:E8))) -> 15278756 | K53: =15%*15%*(SUMPRODUCT(C64:E64,C8:E8)) -> 784284.83
B55: Damage Modifiers | C55: Infantry | D55: Lancer | E55: Marksman | I55: Modifers | J55: Infantry | K55: Lancer | L55: Marksman
B56: Normal Damage Dealt | C56: =C$8*C75*C62 -> 0 | D56: =D$8*D75*D62 -> 4373580 | E56: =E$8*E75*E62 -> 0 | I56: Normal Damage Dealt | J56: =J$8*J75*J62 -> 4685978.5 | K56: =K$8*K75*K62 -> 6905652.6 | L56: =L$8*L75*L62 -> 1233152.2
B57: Skill Damage Dealt | C57: =C$8*C76*C64 -> 0 | D57: =D$8*D76*D64 -> 0 | E57: =E$8*E76*E64 -> 0 | I57: Skill Damage Dealt | J57: =J$8*J76*J64 -> 5549185.1 | K57: =K$8*K76*K64 -> 4007744.8 | L57: =L$8*L76*L64 -> 1387296.3
B58: Normal Damage Taken | C58: =C$8*C77*C63 -> -13051683 | D58: =D$8*D77*D63 -> -2071695.8 | E58: =E$8*E77*E63 -> 0 | I58: Normal Damage Taken | J58: =J$8*J77*J63 -> -8977348.4 | K58: =K$8*K77*K63 -> 0 | L58: =L$8*L77*L63 -> 0
B59: Skill Damage Taken | C59: =C$8*C78*C65 -> -6126300.4 | D59: =D$8*D78*D65 -> -3025333.5 | E59: =E$8*E78*E65 -> 0 | I59: Skill Damage Taken | J59: =J$8*J78*J65 -> 0 | K59: =K$8*K78*K65 -> 0 | L59: =L$8*L78*L65 -> 0
B61: Unit Stats | C61: Infantry | D61: Lancer | E61: Marksman | I61: Final Stats | J61: Infantry | K61: Lancer | L61: Marksman
B62: Attack | C62: =(1+C71)*'Troop Stats'!B9 -> 18.05 | D62: =(1+D71)*'Troop Stats'!C9 -> 26.6 | E62: =(1+E71)*'Troop Stats'!D9 -> 28.5 | I62: Attack | J62: =(1+J71)*'Troop Stats'!B9 -> 19 | K62: =(1+K71)*'Troop Stats'!C9 -> 28 | L62: =(1+L71)*'Troop Stats'!D9 -> 30
B63: Defense | C63: =(1+C72)*'Troop Stats'!B10 -> 29.4 | D63: =(1+D72)*'Troop Stats'!C10 -> 15.75 | E63: =(1+E72)*'Troop Stats'!D10 -> 15.75 | I63: Defense | J63: =(1+J72)*'Troop Stats'!B10 -> 36.4 | K63: =(1+K72)*'Troop Stats'!C10 -> 21 | L63: =(1+L72)*'Troop Stats'!D10 -> 21
B64: Lethality | C64: =(1+C73)*'Troop Stats'!B11 -> 18 | D64: =(1+D73)*'Troop Stats'!C11 -> 26 | E64: =(1+E73)*'Troop Stats'!D11 -> 27 | I64: Lethality | J64: =(1+J73)*'Troop Stats'!B11 -> 22.5 | K64: =(1+K73)*'Troop Stats'!C11 -> 32.5 | L64: =(1+L73)*'Troop Stats'!D11 -> 33.75
B65: Heatlh | C65: =(1+C74)*'Troop Stats'!B12 -> 31.05 | D65: =(1+D74)*'Troop Stats'!C12 -> 23 | E65: =(1+E74)*'Troop Stats'!D12 -> 23 | I65: Heatlh | J65: =(1+J74)*'Troop Stats'!B12 -> 31.05 | K65: =(1+K74)*'Troop Stats'!C12 -> 23 | L65: =(1+L74)*'Troop Stats'!D12 -> 23
B68: Hero Effects
C70: Infantry | D70: Lancer | E70: Marksman | J70: Infantry | K70: Lancer | L70: Marksman
B71: Attack | C71: =SUM(D$84:D$90,AH$97:AH$103) -> -0.05 | D71: =SUM(N$84:N$90,AR$97:AR$103) -> -0.05 | E71: =SUM(X$84:X$90,BB$97:BB$103) -> -0.05 | I71: Attack | J71: =SUM(D$97:D$103,AH$84:AH$90) -> 0 | K71: =SUM(N$97:N$103,AR$84:AR$90) -> 0 | L71: =SUM(X$97:X$103,BB$84:BB$90) -> 0
B72: Defense | C72: =SUM(E$84:E$90,AI$97:AI$103) -> 0.05 | D72: =SUM(O$84:O$90,AS$97:AS$103) -> -0.25 | E72: =SUM(Y$84:Y$90,BC$97:BC$103) -> -0.25 | I72: Defense | J72: =SUM(E$97:E$103,AI$84:AI$90) -> 0.3 | K72: =SUM(O$97:O$103,AS$84:AS$90) -> 0 | L72: =SUM(Y$97:Y$103,BC$84:BC$90) -> 0
B73: Lethality | C73: =SUM(F$84:F$90,AJ$97:AJ$103) -> 0 | D73: =SUM(P$84:P$90,AT$97:AT$103) -> 0 | E73: =SUM(Z$84:Z$90,BD$97:BD$103) -> 0 | I73: Lethality | J73: =SUM(F$97:F$103,AJ$84:AJ$90) -> 0.25 | K73: =SUM(P$97:P$103,AT$84:AT$90) -> 0.25 | L73: =SUM(Z$97:Z$103,BD$84:BD$90) -> 0.25
B74: Health | C74: =SUM(G$84:G$90,AK$97:AK$103) -> 0.15 | D74: =SUM(Q$84:Q$90,AU$97:AU$103) -> 0.15 | E74: =SUM(AA$84:AA$90,BE$97:BE$103) -> 0.15 | I74: Health | J74: =SUM(G$97:G$103,AK$84:AK$90) -> 0.15 | K74: =SUM(Q$97:Q$103,AU$84:AU$90) -> 0.15 | L74: =SUM(AA$97:AA$103,BE$84:BE$90) -> 0.15
B75: Normal Damage Dealt | C75: =SUM(H$84:I$90,AL$97:AM$103) -> 0 | D75: =SUM(R$84:S$90,AV$97:AW$103) -> 0.25 | E75: =SUM(AB$84:AC$90,BF$97:BG$103) -> 0 | I75: Normal Damage Dealt | J75: =SUM(H$97:I$103,AL$84:AM$90) -> 0.25 | K75: =SUM(R$97:S$103,AV$84:AW$90) -> 0.5 | L75: =SUM(AB$97:AC$103,BF$84:BG$90) -> 0.25
B76: Skill Damage Dealt | C76: =SUM(H$84:H$90,J$84:J$90,AL$97:AL$103,AN$97:AN$103) -> 0 | D76: =SUM(R$84:R$90,AV$97:AV$103,T$84:T$90,AX$97:AX$103) -> 0 | E76: =SUM(AB$84:AB$90,BF$97:BF$103,AD$84:AD$90,BH$97:BH$103) -> 0 | I76: Skill Damage Dealt | J76: =SUM(H$97:H$103,J$97:J$103,AL$84:AL$90,AN$84:AN$90) -> 0.25 | K76: =SUM(R$97:R$103,AV$84:AV$90,T$97:T$103,AX$84:AX$90) -> 0.25 | L76: =SUM(AB$97:AB$103,BF$84:BF$90,AD$97:AD$103,BH$84:BH$90) -> 0.25
B77: Normal Damage Taken | C77: =SUM(K$84:L$90,AO$97:AP$103) -> -0.45 | D77: =SUM(U$84:V$90,AY$97:AZ$103) -> -0.2 | E77: =SUM(AE$84:AF$90,BI$97:BJ$103) -> -0.2 | I77: Normal Damage Taken | J77: =SUM(K$97:L$103,AO$84:AP$90) -> -0.25 | K77: =SUM(U$97:V$103,AY$84:AZ$90) -> 0 | L77: =SUM(AE$97:AF$103,BI$84:BJ$90) -> 0
B78: Skill Damage Taken | C78: =SUM(K$84:K$90,AO$97:AO$103,M$84:M$90,AQ$84:AQ$90) -> -0.2 | D78: =SUM(U$84:U$90,W$97:W$103,AY$84:AY$90,BA$97:BA$103) -> -0.2 | E78: =SUM(AE$84:AE$90,BI$97:BI$103,AG$84:AG$90,BK$97:BK$103) -> -0.2 | I78: Skill Damage Taken | J78: =SUM(K$97:K$103,AO$84:AO$90,M$97:M$103,AQ$97:AQ$103) -> 0 | K78: =SUM(U$97:U$103,W$84:W$90,AY$97:AY$103,BA$84:BA$90) -> 0 | L78: =SUM(AE$97:AE$103,BI$84:BI$90,AG$97:AG$103,BK$84:BK$90) -> 0
B80: My troops | D80: Friend Effect | AH80: Enemy Effect
B81: Hero Position | C81: Name | D81: Both | E81: Both | F81: Both | G81: Both | H81: Both | I81: Normal | J81: Skilled | K81: Both | L81: Normal | M81: Skilled | N81: Both | O81: Both | P81: Both | Q81: Both | R81: Both | S81: Normal | T81: Skilled | U81: Both | V81: Normal | W81: Skilled | X81: Both | Y81: Both | Z81: Both | AA81: Both | AB81: Both | AC81: Normal | AD81: Skilled | AE81: Both | AF81: Normal | AG81: Skilled | AH81: Both | AI81: Both | AJ81: Both | AK81: Both | AL81: Both | AM81: Normal | AN81: Skilled | AO81: Both | AP81: Normal | AQ81: Skilled | AR81: Both | AS81: Both | AT81: Both | AU81: Both | AV81: Both | AW81: Normal | AX81: Skilled | AY81: Both | AZ81: Normal | BA81: Skilled | BB81: Both | BC81: Both | BD81: Both | BE81: Both | BF81: Both | BG81: Normal | BH81: Skilled | BI81: Both | BJ81: Normal | BK81: Skilled
D82: Infantry | E82: Infantry | F82: Infantry | G82: Infantry | H82: Infantry | I82: Infantry | J82: Infantry | K82: Infantry | L82: Infantry | M82: Infantry | N82: Lancer | O82: Lancer | P82: Lancer | Q82: Lancer | R82: Lancer | S82: Lancer | T82: Lancer | U82: Lancer | V82: Lancer | W82: Lancer | X82: Marksman | Y82: Marksman | Z82: Marksman | AA82: Marksman | AB82: Marksman | AC82: Marksman | AD82: Marksman | AE82: Marksman | AF82: Marksman | AG82: Marksman | AH82: Infantry | AI82: Infantry | AJ82: Infantry | AK82: Infantry | AL82: Infantry | AM82: Infantry | AN82: Infantry | AO82: Infantry | AP82: Infantry | AQ82: Infantry | AR82: Lancer | AS82: Lancer | AT82: Lancer | AU82: Lancer | AV82: Lancer | AW82: Lancer | AX82: Lancer | AY82: Lancer | AZ82: Lancer | BA82: Lancer | BB82: Marksman | BC82: Marksman | BD82: Marksman | BE82: Marksman | BF82: Marksman | BG82: Marksman | BH82: Marksman | BI82: Marksman | BJ82: Marksman | BK82: Marksman
D83: Attack | E83: Defense | F83: Lethality | G83: Health | H83: Damage Dealt | I83: Damage Dealt | J83: Damage Dealt | K83: Damage Taken | L83: Damage Taken | M83: Damage Taken | N83: Attack | O83: Defense | P83: Lethality | Q83: Health | R83: Damage Dealt | S83: Damage Dealt | T83: Damage Dealt | U83: Damage Taken | V83: Damage Taken | W83: Damage Taken | X83: Attack | Y83: Defense | Z83: Lethality | AA83: Health | AB83: Damage Dealt | AC83: Damage Dealt | AD83: Damage Dealt | AE83: Damage Taken | AF83: Damage Taken | AG83: Damage Taken | AH83: Attack | AI83: Defense | AJ83: Lethality | AK83: Health | AL83: Damage Dealt | AM83: Damage Dealt | AN83: Damage Dealt | AO83: Damage Taken | AP83: Damage Taken | AQ83: Damage Taken | AR83: Attack | AS83: Defense | AT83: Lethality | AU83: Health | AV83: Damage Dealt | AW83: Damage Dealt | AX83: Damage Dealt | AY83: Damage Taken | AZ83: Damage Taken | BA83: Damage Taken | BB83: Attack | BC83: Defense | BD83: Lethality | BE83: Health | BF83: Damage Dealt | BG83: Damage Dealt | BH83: Damage Dealt | BI83: Damage Taken | BJ83: Damage Taken | BK83: Damage Taken
